#
# TABLE STRUCTURE FOR: media
#

DROP TABLE IF EXISTS `media`;

CREATE TABLE `media` (
  `id` bigint(20) unsigned NOT NULL AUTO_INCREMENT,
  `media_type_id` bigint(20) unsigned DEFAULT NULL,
  `user_id` bigint(20) unsigned NOT NULL,
  `body` text COLLATE utf8mb4_unicode_ci DEFAULT NULL,
  `filename` varchar(255) COLLATE utf8mb4_unicode_ci DEFAULT NULL,
  `size` int(11) DEFAULT NULL,
  `metadata` longtext CHARACTER SET utf8mb4 COLLATE utf8mb4_bin DEFAULT NULL CHECK (json_valid(`metadata`)),
  `created_at` datetime DEFAULT current_timestamp(),
  `updated_at` datetime DEFAULT current_timestamp() ON UPDATE current_timestamp(),
  PRIMARY KEY (`id`),
  KEY `user_id` (`user_id`),
  KEY `media_type_id` (`media_type_id`),
  CONSTRAINT `media_ibfk_1` FOREIGN KEY (`user_id`) REFERENCES `users` (`id`) ON DELETE CASCADE ON UPDATE CASCADE,
  CONSTRAINT `media_ibfk_2` FOREIGN KEY (`media_type_id`) REFERENCES `media_types` (`id`) ON DELETE SET NULL ON UPDATE CASCADE
) ENGINE=InnoDB AUTO_INCREMENT=101 DEFAULT CHARSET=utf8mb4 COLLATE=utf8mb4_unicode_ci;

INSERT INTO `media` (`id`, `media_type_id`, `user_id`, `body`, `filename`, `size`, `metadata`, `created_at`, `updated_at`) VALUES ('1', '1', '1', 'Enim ea similique exercitationem id. Ipsam dolorem repudiandae neque. Impedit quae quidem tempora ratione dolores. Neque recusandae voluptatibus aut ex soluta ut.', 'aliquid', 24, NULL, '1990-09-10 03:38:11', '2017-06-30 09:08:43');
INSERT INTO `media` (`id`, `media_type_id`, `user_id`, `body`, `filename`, `size`, `metadata`, `created_at`, `updated_at`) VALUES ('2', '2', '2', 'Delectus a provident ipsum et illo est. Totam accusantium beatae ut cum consequatur molestias. At voluptatem quisquam a rem quis. Et mollitia animi nulla non sunt saepe aspernatur.', 'est', 76508, NULL, '1989-06-22 02:25:39', '1980-02-09 17:06:31');
INSERT INTO `media` (`id`, `media_type_id`, `user_id`, `body`, `filename`, `size`, `metadata`, `created_at`, `updated_at`) VALUES ('3', '3', '3', 'Rem odio aut sapiente voluptatem vero. Impedit laborum dolor mollitia non aut dolore. Culpa ut mollitia voluptates esse minus. Sit culpa eos eum veniam.', 'culpa', 162983516, NULL, '1978-06-29 23:24:12', '1988-03-29 22:27:28');
INSERT INTO `media` (`id`, `media_type_id`, `user_id`, `body`, `filename`, `size`, `metadata`, `created_at`, `updated_at`) VALUES ('4', '4', '4', 'Et similique omnis nulla et perspiciatis suscipit. Est ut adipisci incidunt non laudantium harum. Tempora doloremque impedit voluptatem omnis error explicabo est. Optio et iste eius ex non quibusdam qui in.', 'sed', 812, NULL, '1993-10-09 23:50:49', '2014-09-13 16:14:34');
INSERT INTO `media` (`id`, `media_type_id`, `user_id`, `body`, `filename`, `size`, `metadata`, `created_at`, `updated_at`) VALUES ('5', '5', '5', 'Qui ipsum fugit quidem mollitia dolor. Enim magni iure voluptatum explicabo ex labore id pariatur. Ullam quas consequuntur est perspiciatis ex ducimus est eligendi. Vero qui est dolorem perferendis.', 'sit', 7, NULL, '1981-09-20 02:53:05', '2000-09-12 23:41:25');
INSERT INTO `media` (`id`, `media_type_id`, `user_id`, `body`, `filename`, `size`, `metadata`, `created_at`, `updated_at`) VALUES ('6', '6', '6', 'Iusto ullam qui facilis eum magni et. Tempora assumenda ab totam laboriosam provident explicabo aliquid. Minima autem numquam cupiditate illum.', 'id', 7296138, NULL, '1997-07-27 09:49:06', '1998-04-30 04:28:14');
INSERT INTO `media` (`id`, `media_type_id`, `user_id`, `body`, `filename`, `size`, `metadata`, `created_at`, `updated_at`) VALUES ('7', '7', '7', 'Est dolores et dolorum. Quos possimus suscipit quas aliquid nihil ut. Eum vel non autem culpa. Id iste occaecati sunt ut iure aut iste quia.', 'pariatur', 6201, NULL, '1992-08-02 00:43:19', '1977-06-09 06:11:14');
INSERT INTO `media` (`id`, `media_type_id`, `user_id`, `body`, `filename`, `size`, `metadata`, `created_at`, `updated_at`) VALUES ('8', '8', '8', 'Nemo est occaecati expedita vel omnis velit. Amet perspiciatis autem ea ut perferendis beatae aut. Doloremque velit culpa laborum mollitia. Dicta a et perspiciatis aspernatur laboriosam neque omnis. Iure ipsa alias reprehenderit ea eius sit magnam.', 'dolorem', 323657, NULL, '1978-10-23 02:37:21', '1999-08-11 08:06:40');
INSERT INTO `media` (`id`, `media_type_id`, `user_id`, `body`, `filename`, `size`, `metadata`, `created_at`, `updated_at`) VALUES ('9', '9', '9', 'Nobis deserunt laborum dolor. Laboriosam numquam eum quia adipisci. Impedit velit autem saepe ducimus. Ea impedit hic aperiam distinctio.', 'ut', 0, NULL, '2008-07-29 03:53:35', '2008-06-10 20:08:03');
INSERT INTO `media` (`id`, `media_type_id`, `user_id`, `body`, `filename`, `size`, `metadata`, `created_at`, `updated_at`) VALUES ('10', '10', '10', 'Et dolores rerum quia. Ut sed omnis tempora molestiae necessitatibus sed. Voluptas quisquam voluptatem est. Quos natus culpa odit itaque nulla sit repellat est.', 'itaque', 0, NULL, '1992-04-23 19:10:26', '2008-07-14 01:10:56');
INSERT INTO `media` (`id`, `media_type_id`, `user_id`, `body`, `filename`, `size`, `metadata`, `created_at`, `updated_at`) VALUES ('11', '11', '11', 'In accusamus veritatis itaque vel. Rerum debitis excepturi quia nobis expedita accusamus dolor. Error magni ut aut in. Enim rerum quia quia sunt quas.', 'sunt', 0, NULL, '2003-06-22 16:27:39', '2001-02-14 08:15:45');
INSERT INTO `media` (`id`, `media_type_id`, `user_id`, `body`, `filename`, `size`, `metadata`, `created_at`, `updated_at`) VALUES ('12', '12', '12', 'Error commodi officia sit porro quod cumque qui fugit. Ut earum consectetur reprehenderit ut. Sed aut ut optio distinctio.', 'praesentium', 430719232, NULL, '1982-01-06 01:04:46', '1990-09-29 06:48:11');
INSERT INTO `media` (`id`, `media_type_id`, `user_id`, `body`, `filename`, `size`, `metadata`, `created_at`, `updated_at`) VALUES ('13', '13', '13', 'Tenetur nihil quas ea earum. Qui vel omnis quidem. Unde quis laudantium voluptas facilis qui earum eum. Dolorem maxime accusamus atque.', 'non', 261184494, NULL, '2012-07-28 17:21:12', '1991-12-06 08:46:28');
INSERT INTO `media` (`id`, `media_type_id`, `user_id`, `body`, `filename`, `size`, `metadata`, `created_at`, `updated_at`) VALUES ('14', '14', '14', 'Occaecati placeat distinctio in non. Facilis dolor voluptas quia accusantium ut provident. Officia cum dolores veritatis rem quis porro sapiente. Odio ex aut reprehenderit voluptas animi magni illum.', 'consequatur', 914619, NULL, '1972-02-06 06:11:45', '1991-07-14 13:17:51');
INSERT INTO `media` (`id`, `media_type_id`, `user_id`, `body`, `filename`, `size`, `metadata`, `created_at`, `updated_at`) VALUES ('15', '15', '15', 'Quod officiis modi qui molestiae dolorum. Corporis corporis debitis aliquid qui nihil nobis architecto. Sit magni quis sed ipsa est. Tempore et quis natus officia qui. Non necessitatibus ea iure sint quo error.', 'fugit', 0, NULL, '2006-12-22 11:51:11', '2001-05-16 21:54:38');
INSERT INTO `media` (`id`, `media_type_id`, `user_id`, `body`, `filename`, `size`, `metadata`, `created_at`, `updated_at`) VALUES ('16', '16', '16', 'Fugiat minus dolores sunt vero ut dolor ad necessitatibus. Ea laboriosam quae saepe sed. Repudiandae rerum eos odio a.', 'aliquam', 0, NULL, '2017-10-12 14:56:09', '2008-10-27 12:39:41');
INSERT INTO `media` (`id`, `media_type_id`, `user_id`, `body`, `filename`, `size`, `metadata`, `created_at`, `updated_at`) VALUES ('17', '17', '17', 'Laboriosam laboriosam unde nesciunt rerum ut repudiandae. Quis incidunt voluptatibus atque quo delectus. Dignissimos cumque nulla debitis id dolores. Vitae aut quia est magnam ea voluptatibus dolore.', 'assumenda', 57989155, NULL, '1972-06-27 18:50:50', '1988-02-24 02:31:50');
INSERT INTO `media` (`id`, `media_type_id`, `user_id`, `body`, `filename`, `size`, `metadata`, `created_at`, `updated_at`) VALUES ('18', '18', '18', 'Minima dolores voluptatum vel voluptas. Eos magnam at perspiciatis omnis commodi sed harum. Incidunt natus et error eaque repellat quae debitis.', 'maiores', 32304377, NULL, '1994-09-06 02:36:39', '1978-10-30 05:52:08');
INSERT INTO `media` (`id`, `media_type_id`, `user_id`, `body`, `filename`, `size`, `metadata`, `created_at`, `updated_at`) VALUES ('19', '19', '19', 'Culpa dolorum et aperiam provident aut. Ut fugiat illum minus ex animi dolores aperiam.', 'laudantium', 6708756, NULL, '1998-02-16 10:09:53', '1994-08-23 18:19:45');
INSERT INTO `media` (`id`, `media_type_id`, `user_id`, `body`, `filename`, `size`, `metadata`, `created_at`, `updated_at`) VALUES ('20', '20', '20', 'Repudiandae illo ullam repellat hic. Est consequatur laboriosam magni perspiciatis labore. Dicta nulla odio sit magnam debitis magni. Minus ullam quam numquam.', 'consequatur', 45649, NULL, '2019-09-22 16:22:55', '1977-08-05 00:51:02');
INSERT INTO `media` (`id`, `media_type_id`, `user_id`, `body`, `filename`, `size`, `metadata`, `created_at`, `updated_at`) VALUES ('21', '21', '21', 'Corrupti pariatur facere magnam. Et nulla optio facere minus aspernatur iste placeat. Non repellat quis sit quibusdam. Occaecati soluta quas aut quos praesentium ut magnam. Ut quas enim harum asperiores corporis optio.', 'et', 0, NULL, '1976-06-06 17:22:16', '1985-05-23 19:41:43');
INSERT INTO `media` (`id`, `media_type_id`, `user_id`, `body`, `filename`, `size`, `metadata`, `created_at`, `updated_at`) VALUES ('22', '22', '22', 'Iusto esse nemo assumenda corporis voluptatem expedita vitae. Velit quo quis aut rerum fugit veritatis consequatur. Pariatur ea et et saepe ex officia est. Ullam in nostrum sit quibusdam occaecati nesciunt corporis.', 'rem', 88989, NULL, '1984-10-30 23:42:29', '1970-01-18 05:37:00');
INSERT INTO `media` (`id`, `media_type_id`, `user_id`, `body`, `filename`, `size`, `metadata`, `created_at`, `updated_at`) VALUES ('23', '23', '23', 'Tempore debitis ad a eligendi perferendis exercitationem. Et aut nam et ex quos officiis. Voluptatum voluptatum et qui voluptas ab. Dolorem ea est quo exercitationem omnis.', 'quod', 9238613, NULL, '1995-06-16 09:06:23', '1976-09-04 06:13:05');
INSERT INTO `media` (`id`, `media_type_id`, `user_id`, `body`, `filename`, `size`, `metadata`, `created_at`, `updated_at`) VALUES ('24', '24', '24', 'Eaque temporibus consequuntur accusamus quia ex consequatur. Nulla impedit perferendis unde rerum repellendus quo rerum. In atque provident mollitia iure velit placeat assumenda.', 'delectus', 98244254, NULL, '1977-02-12 12:16:57', '2013-06-28 05:23:32');
INSERT INTO `media` (`id`, `media_type_id`, `user_id`, `body`, `filename`, `size`, `metadata`, `created_at`, `updated_at`) VALUES ('25', '25', '25', 'Quia eum eveniet tempora nam omnis commodi. Qui dolorem et consequatur sed. Maiores in esse explicabo velit iure voluptate hic distinctio.', 'qui', 62052, NULL, '1979-02-12 12:03:57', '1997-10-22 08:09:38');
INSERT INTO `media` (`id`, `media_type_id`, `user_id`, `body`, `filename`, `size`, `metadata`, `created_at`, `updated_at`) VALUES ('26', '26', '26', 'Eum consequuntur eos tenetur et. Assumenda accusantium facilis enim corporis aspernatur dignissimos.', 'expedita', 0, NULL, '1992-01-26 02:12:26', '1988-10-06 10:24:32');
INSERT INTO `media` (`id`, `media_type_id`, `user_id`, `body`, `filename`, `size`, `metadata`, `created_at`, `updated_at`) VALUES ('27', '27', '27', 'Quia aliquam quod ut quod dolor facilis quibusdam. Enim esse autem ea veniam. Sapiente nobis sit quia neque quod et.', 'maiores', 0, NULL, '2017-11-16 05:25:12', '2021-08-11 14:46:35');
INSERT INTO `media` (`id`, `media_type_id`, `user_id`, `body`, `filename`, `size`, `metadata`, `created_at`, `updated_at`) VALUES ('28', '28', '28', 'Voluptatibus non impedit molestiae perferendis officiis animi. Aut alias itaque odio corporis doloribus molestiae alias. Neque dolorem qui asperiores molestias rerum esse.', 'debitis', 94446966, NULL, '1996-12-05 12:29:00', '2009-04-30 19:53:09');
INSERT INTO `media` (`id`, `media_type_id`, `user_id`, `body`, `filename`, `size`, `metadata`, `created_at`, `updated_at`) VALUES ('29', '29', '29', 'Officia veritatis minima aspernatur dignissimos natus delectus. Magnam corporis molestiae est sunt eum. Consequatur esse voluptatem nobis asperiores.', 'quos', 34282, NULL, '1997-02-09 01:20:05', '1979-01-06 12:17:09');
INSERT INTO `media` (`id`, `media_type_id`, `user_id`, `body`, `filename`, `size`, `metadata`, `created_at`, `updated_at`) VALUES ('30', '30', '30', 'Odit sit ut quia est. Culpa quis maxime quis quos est voluptatibus. Non consequatur cupiditate amet voluptate sit quia.', 'vitae', 33952, NULL, '1984-05-25 06:09:29', '2009-02-10 17:07:13');
INSERT INTO `media` (`id`, `media_type_id`, `user_id`, `body`, `filename`, `size`, `metadata`, `created_at`, `updated_at`) VALUES ('31', '31', '31', 'Minima fugiat eos commodi quasi numquam. Assumenda incidunt voluptates suscipit maxime ut atque. Ut quia non officia perferendis assumenda molestiae ratione.', 'tempora', 42346448, NULL, '2004-08-11 22:49:05', '2000-03-12 20:57:49');
INSERT INTO `media` (`id`, `media_type_id`, `user_id`, `body`, `filename`, `size`, `metadata`, `created_at`, `updated_at`) VALUES ('32', '32', '32', 'Dolor earum laboriosam accusamus omnis et ducimus est. Sed dolor ut ad eum. Quas esse repudiandae nesciunt exercitationem. Voluptatibus fugit explicabo beatae et dolorem vero tempora. Velit minima iure distinctio modi.', 'sunt', 0, NULL, '2015-10-18 08:16:08', '1974-10-11 17:01:12');
INSERT INTO `media` (`id`, `media_type_id`, `user_id`, `body`, `filename`, `size`, `metadata`, `created_at`, `updated_at`) VALUES ('33', '33', '33', 'Quos maiores illum optio. Ut vel eum minus iste non sed. Soluta officiis soluta quidem sed exercitationem provident dolor.', 'omnis', 593003046, NULL, '1992-05-16 09:02:59', '2005-12-19 19:19:19');
INSERT INTO `media` (`id`, `media_type_id`, `user_id`, `body`, `filename`, `size`, `metadata`, `created_at`, `updated_at`) VALUES ('34', '34', '34', 'Nostrum est blanditiis magnam unde exercitationem sint. Veniam aspernatur fugiat sint distinctio quisquam. Amet nam alias quia architecto adipisci.', 'sint', 329, NULL, '2002-09-17 05:57:16', '1986-07-12 16:05:53');
INSERT INTO `media` (`id`, `media_type_id`, `user_id`, `body`, `filename`, `size`, `metadata`, `created_at`, `updated_at`) VALUES ('35', '35', '35', 'Molestiae voluptas ut modi tempore temporibus. Reprehenderit ipsa beatae et quae eligendi modi. Eos alias tempore illo et voluptatem. Et dolores voluptas in sit aut et optio.', 'rerum', 57249876, NULL, '1988-06-14 03:23:57', '2000-04-11 05:41:32');
INSERT INTO `media` (`id`, `media_type_id`, `user_id`, `body`, `filename`, `size`, `metadata`, `created_at`, `updated_at`) VALUES ('36', '36', '36', 'Facilis qui enim sed sint maxime provident. Atque deleniti explicabo vel cupiditate omnis odit nulla. Ipsam eos libero odio omnis rerum eius.', 'asperiores', 960619, NULL, '1994-07-14 00:22:41', '2013-04-19 19:03:24');
INSERT INTO `media` (`id`, `media_type_id`, `user_id`, `body`, `filename`, `size`, `metadata`, `created_at`, `updated_at`) VALUES ('37', '37', '37', 'Cum amet rerum molestiae. Est dolor enim eum aut. Ipsum error doloribus voluptates asperiores dignissimos accusamus. Voluptatem ratione sequi at cupiditate quaerat aut aut aliquam.', 'magni', 821936, NULL, '2001-03-31 01:22:02', '2021-04-11 02:24:25');
INSERT INTO `media` (`id`, `media_type_id`, `user_id`, `body`, `filename`, `size`, `metadata`, `created_at`, `updated_at`) VALUES ('38', '38', '38', 'In dolores enim dolorum et harum molestiae. Amet maxime natus distinctio. Ut et provident eaque rerum.', 'nihil', 33, NULL, '1980-08-16 17:30:31', '1970-11-17 04:47:55');
INSERT INTO `media` (`id`, `media_type_id`, `user_id`, `body`, `filename`, `size`, `metadata`, `created_at`, `updated_at`) VALUES ('39', '39', '39', 'Eum sed eos quasi et officia fugiat ratione non. Consequatur quia perferendis possimus sapiente et quos. Ducimus quas sunt exercitationem quasi dolor esse fugit. Nobis necessitatibus fuga ad dolorem alias quo.', 'eveniet', 691, NULL, '2017-03-12 11:47:07', '1980-12-03 08:49:06');
INSERT INTO `media` (`id`, `media_type_id`, `user_id`, `body`, `filename`, `size`, `metadata`, `created_at`, `updated_at`) VALUES ('40', '40', '40', 'Laudantium porro ut ut voluptatem repellendus facere voluptates sint. Repellat cumque maiores nobis doloremque aperiam eos tenetur. Facilis placeat culpa distinctio animi dolore minus.', 'ut', 0, NULL, '1984-05-09 11:54:08', '1992-12-20 13:54:40');
INSERT INTO `media` (`id`, `media_type_id`, `user_id`, `body`, `filename`, `size`, `metadata`, `created_at`, `updated_at`) VALUES ('41', '41', '41', 'Ipsum ut nemo occaecati odit distinctio et accusamus architecto. Dignissimos ipsam quis sed voluptatem repellat excepturi laborum. Ut autem optio corporis iusto provident.', 'natus', 65893, NULL, '1977-09-29 07:29:41', '1973-04-07 09:45:52');
INSERT INTO `media` (`id`, `media_type_id`, `user_id`, `body`, `filename`, `size`, `metadata`, `created_at`, `updated_at`) VALUES ('42', '42', '42', 'Error sunt aut placeat eos tempora nihil voluptas. Adipisci accusamus qui nobis modi quia molestiae. Blanditiis molestias suscipit minus quas qui esse vero et. Asperiores doloribus est dolor at aut.', 'minus', 8749699, NULL, '1978-11-04 07:32:24', '1975-05-16 23:49:20');
INSERT INTO `media` (`id`, `media_type_id`, `user_id`, `body`, `filename`, `size`, `metadata`, `created_at`, `updated_at`) VALUES ('43', '43', '43', 'Inventore est est doloribus quisquam quia nemo. Quasi quis non beatae repellat. Qui et ut at. Qui dolore ad animi eum ullam.', 'maiores', 0, NULL, '2007-12-31 16:19:21', '1988-03-17 02:06:44');
INSERT INTO `media` (`id`, `media_type_id`, `user_id`, `body`, `filename`, `size`, `metadata`, `created_at`, `updated_at`) VALUES ('44', '44', '44', 'Sunt eum aut iure. Rerum magni ea voluptas voluptatem sint. Nihil numquam doloremque eum occaecati. Sint rem atque commodi tempora.', 'illum', 432522044, NULL, '1980-02-01 05:16:06', '2016-12-12 00:43:42');
INSERT INTO `media` (`id`, `media_type_id`, `user_id`, `body`, `filename`, `size`, `metadata`, `created_at`, `updated_at`) VALUES ('45', '45', '45', 'Sit dolorum rerum aspernatur ut molestiae nihil modi. Aut sed natus perspiciatis aspernatur accusantium incidunt. Tempora quisquam ducimus officiis et et perferendis.', 'dolorum', 84826, NULL, '2020-08-09 13:51:46', '1971-07-14 04:42:33');
INSERT INTO `media` (`id`, `media_type_id`, `user_id`, `body`, `filename`, `size`, `metadata`, `created_at`, `updated_at`) VALUES ('46', '46', '46', 'Dolor quas minus omnis dolor nesciunt. Aperiam illo voluptates voluptatem ipsa cum illo. Asperiores et nobis rem voluptas maiores. Mollitia ullam blanditiis aut eos eaque.', 'earum', 29875857, NULL, '2004-03-09 04:34:58', '1983-12-24 13:35:40');
INSERT INTO `media` (`id`, `media_type_id`, `user_id`, `body`, `filename`, `size`, `metadata`, `created_at`, `updated_at`) VALUES ('47', '47', '47', 'Repellendus dolorem dolor voluptates est a neque. Optio omnis sit ad reiciendis iste. Nemo quas et suscipit odio. Nihil aut et error quia enim consectetur tempore.', 'vero', 8650278, NULL, '1983-03-31 22:05:02', '2008-05-04 01:26:14');
INSERT INTO `media` (`id`, `media_type_id`, `user_id`, `body`, `filename`, `size`, `metadata`, `created_at`, `updated_at`) VALUES ('48', '48', '48', 'Pariatur quibusdam voluptas laudantium praesentium eveniet ipsum. Ipsa assumenda quia ducimus perspiciatis facere. Autem tempore nemo nostrum illum similique qui. Fugit inventore ratione quaerat quis molestiae beatae. Est sed vitae rerum nobis.', 'quo', 0, NULL, '1999-03-18 22:16:22', '1991-01-29 09:46:19');
INSERT INTO `media` (`id`, `media_type_id`, `user_id`, `body`, `filename`, `size`, `metadata`, `created_at`, `updated_at`) VALUES ('49', '49', '49', 'Sapiente iusto quia labore nam ducimus aut. Dicta qui molestias perferendis non sunt voluptatibus rerum. Dolore iste officia provident expedita sunt dolore. Vel inventore aperiam assumenda omnis perspiciatis.', 'officia', 0, NULL, '2003-11-20 19:53:37', '1996-08-14 10:26:23');
INSERT INTO `media` (`id`, `media_type_id`, `user_id`, `body`, `filename`, `size`, `metadata`, `created_at`, `updated_at`) VALUES ('50', '50', '50', 'Quo rerum recusandae quisquam voluptatem non sint veritatis. Ut pariatur iste accusantium suscipit officia eaque pariatur. Expedita necessitatibus fugiat natus voluptate eaque et.', 'omnis', 73, NULL, '2011-03-04 20:06:46', '2021-01-22 19:53:06');
INSERT INTO `media` (`id`, `media_type_id`, `user_id`, `body`, `filename`, `size`, `metadata`, `created_at`, `updated_at`) VALUES ('51', '51', '51', 'Beatae illum iure dolorum et porro. Saepe qui voluptas non doloribus iusto maxime earum. Aut dicta est laudantium earum nam ipsam.', 'id', 85949, NULL, '2020-02-09 05:41:20', '1986-06-18 04:15:00');
INSERT INTO `media` (`id`, `media_type_id`, `user_id`, `body`, `filename`, `size`, `metadata`, `created_at`, `updated_at`) VALUES ('52', '52', '52', 'Consequatur expedita pariatur quae est ut unde. Eum aspernatur at dolor ut facere pariatur voluptatum nostrum. Sed in sed et est ut nihil.', 'dolores', 7982999, NULL, '2021-08-17 08:41:16', '2017-09-22 20:18:02');
INSERT INTO `media` (`id`, `media_type_id`, `user_id`, `body`, `filename`, `size`, `metadata`, `created_at`, `updated_at`) VALUES ('53', '53', '53', 'Recusandae rerum suscipit autem optio omnis. Quis nobis sit harum eius sed repudiandae. Autem omnis dolores alias in iste voluptatem ducimus nemo.', 'amet', 24, NULL, '2004-06-27 19:52:07', '1981-10-16 23:33:04');
INSERT INTO `media` (`id`, `media_type_id`, `user_id`, `body`, `filename`, `size`, `metadata`, `created_at`, `updated_at`) VALUES ('54', '54', '54', 'Maiores sunt atque pariatur aut architecto quisquam quidem. Sunt facere deserunt tempora cupiditate est laudantium sapiente. Dignissimos tempore expedita natus eum qui maxime. Qui eaque architecto sapiente.', 'et', 576, NULL, '1992-01-25 20:59:18', '1980-12-08 13:20:13');
INSERT INTO `media` (`id`, `media_type_id`, `user_id`, `body`, `filename`, `size`, `metadata`, `created_at`, `updated_at`) VALUES ('55', '55', '55', 'Esse est qui tenetur accusamus atque enim. Qui doloribus sit minima vero ut blanditiis.', 'amet', 623308456, NULL, '1975-01-30 05:30:00', '1990-11-25 06:16:27');
INSERT INTO `media` (`id`, `media_type_id`, `user_id`, `body`, `filename`, `size`, `metadata`, `created_at`, `updated_at`) VALUES ('56', '56', '56', 'Omnis quia dignissimos sint fugiat perspiciatis. Adipisci dolorum dolorum ullam temporibus voluptas. Qui doloremque nobis voluptas perferendis est.', 'voluptatem', 29476, NULL, '2018-11-22 06:56:53', '1990-08-29 05:06:06');
INSERT INTO `media` (`id`, `media_type_id`, `user_id`, `body`, `filename`, `size`, `metadata`, `created_at`, `updated_at`) VALUES ('57', '57', '57', 'Asperiores aut est ea numquam. Cum rerum amet qui aut. Magni est dolorem tempore natus ratione.', 'at', 61148057, NULL, '2011-11-22 05:08:56', '1996-04-21 22:01:10');
INSERT INTO `media` (`id`, `media_type_id`, `user_id`, `body`, `filename`, `size`, `metadata`, `created_at`, `updated_at`) VALUES ('58', '58', '58', 'Ex ea dolor dolorum a suscipit ut ratione. Nulla esse ut cum saepe veniam. Accusantium aperiam aliquid repellendus quibusdam repudiandae.', 'ut', 0, NULL, '2015-05-31 06:09:59', '1988-02-14 03:21:08');
INSERT INTO `media` (`id`, `media_type_id`, `user_id`, `body`, `filename`, `size`, `metadata`, `created_at`, `updated_at`) VALUES ('59', '59', '59', 'Minima quaerat consequatur aut consequatur illo voluptatem. Asperiores vel quasi ex quia rerum voluptas magnam illum. Corrupti sed laborum enim sunt eaque.', 'excepturi', 20, NULL, '1972-04-16 14:27:03', '1996-08-12 03:40:35');
INSERT INTO `media` (`id`, `media_type_id`, `user_id`, `body`, `filename`, `size`, `metadata`, `created_at`, `updated_at`) VALUES ('60', '60', '60', 'Nobis delectus itaque voluptatem voluptate quis eligendi dignissimos. Placeat expedita minus voluptatem et explicabo possimus ipsam. Perspiciatis nihil aut nam consequatur aperiam est. Optio nobis sed in repellendus omnis quis saepe.', 'dignissimos', 48772, NULL, '1984-06-05 12:43:56', '1974-02-05 14:11:37');
INSERT INTO `media` (`id`, `media_type_id`, `user_id`, `body`, `filename`, `size`, `metadata`, `created_at`, `updated_at`) VALUES ('61', '61', '61', 'Enim voluptatibus sed tempora velit cumque magnam. Repudiandae excepturi et nemo dolorem eum aut. Quos aut atque incidunt dolor dignissimos delectus.', 'magni', 156594571, NULL, '2014-08-10 16:07:58', '1991-06-15 16:39:04');
INSERT INTO `media` (`id`, `media_type_id`, `user_id`, `body`, `filename`, `size`, `metadata`, `created_at`, `updated_at`) VALUES ('62', '62', '62', 'Quisquam totam consequuntur necessitatibus deserunt a voluptas earum. Non corporis eos occaecati ducimus odio delectus debitis. Eaque omnis fugit perferendis ipsum. Sed adipisci nostrum aut aut.', 'quia', 118169, NULL, '1974-05-31 17:03:52', '2007-09-18 00:19:45');
INSERT INTO `media` (`id`, `media_type_id`, `user_id`, `body`, `filename`, `size`, `metadata`, `created_at`, `updated_at`) VALUES ('63', '63', '63', 'Quod sequi perspiciatis ab incidunt nihil laboriosam molestias. Fuga quaerat ut ab mollitia eos occaecati. Est dignissimos veniam fugiat ea non. Cupiditate omnis labore officia aut dignissimos commodi sunt.', 'sed', 48, NULL, '2012-01-11 13:36:10', '2002-05-31 23:53:39');
INSERT INTO `media` (`id`, `media_type_id`, `user_id`, `body`, `filename`, `size`, `metadata`, `created_at`, `updated_at`) VALUES ('64', '64', '64', 'Et ut debitis quaerat sint. Ratione eligendi quaerat commodi eius aut ab. Voluptas non rerum sed quasi.', 'nostrum', 55243042, NULL, '2004-04-17 06:21:47', '2018-07-05 09:56:11');
INSERT INTO `media` (`id`, `media_type_id`, `user_id`, `body`, `filename`, `size`, `metadata`, `created_at`, `updated_at`) VALUES ('65', '65', '65', 'Sequi esse amet assumenda non. Et totam laboriosam ratione pariatur est totam non. Ea maxime neque omnis et incidunt et accusantium. Incidunt dolores odit corrupti.', 'ullam', 2194179, NULL, '1979-05-02 15:24:34', '2010-09-22 22:00:58');
INSERT INTO `media` (`id`, `media_type_id`, `user_id`, `body`, `filename`, `size`, `metadata`, `created_at`, `updated_at`) VALUES ('66', '66', '66', 'Architecto officia fugit totam ut rem. Non sunt repudiandae similique molestiae. Totam accusamus iusto dolor id. Vitae magnam quia placeat in et.', 'ullam', 93707447, NULL, '1973-02-19 22:30:54', '1998-07-22 19:51:51');
INSERT INTO `media` (`id`, `media_type_id`, `user_id`, `body`, `filename`, `size`, `metadata`, `created_at`, `updated_at`) VALUES ('67', '67', '67', 'Cum laborum ea blanditiis error velit ratione dolorem asperiores. Dolores et voluptas beatae accusamus sed. Qui eum dicta doloribus ipsum quia molestias ut.', 'eaque', 812, NULL, '1993-09-18 13:17:29', '1984-11-21 13:10:05');
INSERT INTO `media` (`id`, `media_type_id`, `user_id`, `body`, `filename`, `size`, `metadata`, `created_at`, `updated_at`) VALUES ('68', '68', '68', 'Fugit error ea et ab praesentium ipsa. Nostrum nihil id iste dolorum et. Omnis eos amet suscipit.', 'quas', 83103984, NULL, '1973-03-28 13:17:46', '1991-07-22 05:05:34');
INSERT INTO `media` (`id`, `media_type_id`, `user_id`, `body`, `filename`, `size`, `metadata`, `created_at`, `updated_at`) VALUES ('69', '69', '69', 'At magnam sint ea quis. Et aut aliquam vero. Doloribus sequi odio qui hic. Molestiae atque voluptas qui consequatur.', 'non', 0, NULL, '1996-05-07 16:30:27', '2020-09-13 19:46:01');
INSERT INTO `media` (`id`, `media_type_id`, `user_id`, `body`, `filename`, `size`, `metadata`, `created_at`, `updated_at`) VALUES ('70', '70', '70', 'Expedita modi voluptas vero quos quod et. Voluptatem non magni dolor pariatur vel. Ab est unde est repudiandae porro aut laudantium qui. Consequatur minima occaecati voluptatum id.', 'et', 715782, NULL, '1975-08-12 13:03:32', '2005-08-14 23:37:48');
INSERT INTO `media` (`id`, `media_type_id`, `user_id`, `body`, `filename`, `size`, `metadata`, `created_at`, `updated_at`) VALUES ('71', '71', '71', 'Vitae aut consectetur et illum impedit qui. Iusto est laudantium labore minus. Harum voluptas in alias voluptatem in ut. Sit iure enim molestiae non.', 'aut', 92017, NULL, '1996-08-29 03:36:43', '1976-02-29 00:03:56');
INSERT INTO `media` (`id`, `media_type_id`, `user_id`, `body`, `filename`, `size`, `metadata`, `created_at`, `updated_at`) VALUES ('72', '72', '72', 'Et blanditiis ut placeat. Reprehenderit earum quis voluptas nesciunt quo nam. Fugiat maxime nihil quaerat accusantium omnis. Cupiditate ipsa ut earum eum a laborum ipsa. Ut vel est modi non fuga.', 'vel', 717, NULL, '1990-07-17 03:06:52', '2007-05-28 09:56:57');
INSERT INTO `media` (`id`, `media_type_id`, `user_id`, `body`, `filename`, `size`, `metadata`, `created_at`, `updated_at`) VALUES ('73', '73', '73', 'Explicabo quidem itaque et amet. Velit vel tenetur enim molestiae.', 'dolor', 4, NULL, '2021-04-02 10:15:52', '1999-06-07 11:56:46');
INSERT INTO `media` (`id`, `media_type_id`, `user_id`, `body`, `filename`, `size`, `metadata`, `created_at`, `updated_at`) VALUES ('74', '74', '74', 'Animi nisi et eum et. Omnis cumque voluptatum aspernatur dolore est vel. Autem ea tempore adipisci delectus accusantium laborum et. Non nulla aliquam commodi.', 'voluptate', 227536, NULL, '2014-02-11 06:51:51', '1981-05-01 11:15:27');
INSERT INTO `media` (`id`, `media_type_id`, `user_id`, `body`, `filename`, `size`, `metadata`, `created_at`, `updated_at`) VALUES ('75', '75', '75', 'Non beatae nisi vero voluptatem quia et et molestiae. Qui sit ipsum modi sit dolorem sint. Ea asperiores dignissimos vel qui quia id. Natus quos quam sit.', 'quod', 49364403, NULL, '1987-07-02 03:22:09', '1978-08-23 03:36:30');
INSERT INTO `media` (`id`, `media_type_id`, `user_id`, `body`, `filename`, `size`, `metadata`, `created_at`, `updated_at`) VALUES ('76', '76', '76', 'Autem dicta sunt eos natus repudiandae ullam qui. Consequatur aut est ullam id sit repellendus. Ullam enim quibusdam enim iste dolor qui. Modi ut id repudiandae quibusdam repellendus.', 'et', 267766, NULL, '2001-10-17 00:26:03', '1986-04-21 11:35:17');
INSERT INTO `media` (`id`, `media_type_id`, `user_id`, `body`, `filename`, `size`, `metadata`, `created_at`, `updated_at`) VALUES ('77', '77', '77', 'Non iste quasi eum dolorum laborum non commodi. Magni itaque voluptates placeat in harum dolorum expedita dignissimos. Voluptates officia eius saepe voluptates voluptatibus.', 'nam', 848917047, NULL, '2009-01-07 07:27:08', '2007-05-24 20:13:57');
INSERT INTO `media` (`id`, `media_type_id`, `user_id`, `body`, `filename`, `size`, `metadata`, `created_at`, `updated_at`) VALUES ('78', '78', '78', 'Delectus iure cum soluta repellat architecto hic. Necessitatibus tempore eveniet aut officiis qui sed. Est voluptatem dolorem et mollitia et.', 'inventore', 5890200, NULL, '1988-03-31 07:02:15', '1970-02-28 14:35:10');
INSERT INTO `media` (`id`, `media_type_id`, `user_id`, `body`, `filename`, `size`, `metadata`, `created_at`, `updated_at`) VALUES ('79', '79', '79', 'Quia et ea ut neque voluptatem voluptatum placeat. Culpa laborum esse inventore et culpa cupiditate.', 'porro', 0, NULL, '2020-06-23 12:52:45', '2009-02-08 00:42:30');
INSERT INTO `media` (`id`, `media_type_id`, `user_id`, `body`, `filename`, `size`, `metadata`, `created_at`, `updated_at`) VALUES ('80', '80', '80', 'Non rerum tempora enim. Libero rerum alias ipsum quas quia. Sequi et aut laudantium sunt reprehenderit.', 'sed', 527150, NULL, '1978-03-27 08:45:48', '1986-11-09 23:36:53');
INSERT INTO `media` (`id`, `media_type_id`, `user_id`, `body`, `filename`, `size`, `metadata`, `created_at`, `updated_at`) VALUES ('81', '81', '81', 'Placeat nam autem occaecati odit nihil aut et adipisci. Aspernatur in asperiores quas dolor ducimus sint aut. Nihil recusandae nam harum.', 'iure', 1, NULL, '1985-04-10 06:24:40', '1974-10-18 06:06:37');
INSERT INTO `media` (`id`, `media_type_id`, `user_id`, `body`, `filename`, `size`, `metadata`, `created_at`, `updated_at`) VALUES ('82', '82', '82', 'Voluptatem perferendis ratione tenetur molestiae quia. Veniam adipisci dolor est tempora. Nulla ut est aspernatur tenetur reprehenderit numquam. Repudiandae quas in iure. Rerum error nostrum neque optio voluptatem qui.', 'non', 13913, NULL, '1981-10-24 19:55:00', '2008-11-16 02:33:08');
INSERT INTO `media` (`id`, `media_type_id`, `user_id`, `body`, `filename`, `size`, `metadata`, `created_at`, `updated_at`) VALUES ('83', '83', '83', 'Aliquid voluptatem aliquid est omnis architecto totam. Id praesentium quia aut impedit illo quas sit.', 'minus', 62932383, NULL, '2003-07-12 21:14:48', '1989-06-06 08:54:01');
INSERT INTO `media` (`id`, `media_type_id`, `user_id`, `body`, `filename`, `size`, `metadata`, `created_at`, `updated_at`) VALUES ('84', '84', '84', 'Aliquam sed vitae aut vitae a voluptas. Cupiditate libero occaecati ut aut. Qui vel soluta architecto quo vitae.', 'enim', 679344, NULL, '1992-08-06 17:34:36', '1990-05-06 06:29:46');
INSERT INTO `media` (`id`, `media_type_id`, `user_id`, `body`, `filename`, `size`, `metadata`, `created_at`, `updated_at`) VALUES ('85', '85', '85', 'Sequi vel ratione nulla aliquam. Eos ut illo pariatur ea. Delectus vel tempore voluptatem ipsam. Rerum occaecati eum unde adipisci deserunt ut.', 'voluptatem', 396108666, NULL, '2011-06-19 05:08:11', '1978-02-12 12:59:15');
INSERT INTO `media` (`id`, `media_type_id`, `user_id`, `body`, `filename`, `size`, `metadata`, `created_at`, `updated_at`) VALUES ('86', '86', '86', 'Dolor molestias minus eos eum facere eum ea. Dolor exercitationem fugit iste vel tenetur consequatur vitae dicta. Assumenda repudiandae praesentium ut est. Cum voluptatem eveniet deleniti nam amet nemo ab vitae.', 'dolores', 5, NULL, '1971-01-16 11:10:31', '1996-09-06 01:23:22');
INSERT INTO `media` (`id`, `media_type_id`, `user_id`, `body`, `filename`, `size`, `metadata`, `created_at`, `updated_at`) VALUES ('87', '87', '87', 'Cumque sunt ullam labore et quia. Quia dolores voluptas omnis sit maxime est nihil. Ea tenetur mollitia a rerum molestias deleniti. Doloremque libero et iure incidunt est.', 'et', 37, NULL, '2022-09-22 02:16:11', '1998-02-27 01:43:24');
INSERT INTO `media` (`id`, `media_type_id`, `user_id`, `body`, `filename`, `size`, `metadata`, `created_at`, `updated_at`) VALUES ('88', '88', '88', 'Tempora pariatur praesentium quam eius fugit temporibus mollitia. Ducimus aut est consequatur alias voluptatibus maxime dolor quia. Sequi possimus maiores similique cumque quas nostrum molestiae sit. Accusamus id ea rerum ipsa voluptate quia sint occaecati. Eligendi odit necessitatibus aut et.', 'accusamus', 6882, NULL, '1989-10-01 13:18:30', '2004-02-23 19:49:14');
INSERT INTO `media` (`id`, `media_type_id`, `user_id`, `body`, `filename`, `size`, `metadata`, `created_at`, `updated_at`) VALUES ('89', '89', '89', 'Harum nisi eum ad minima neque nihil. Nesciunt autem voluptatum aperiam totam deserunt ratione consequatur. Non dolorem est et id et sapiente non. Necessitatibus autem rerum maiores similique a cumque.', 'enim', 683229, NULL, '2011-01-30 03:00:22', '2006-09-07 12:48:21');
INSERT INTO `media` (`id`, `media_type_id`, `user_id`, `body`, `filename`, `size`, `metadata`, `created_at`, `updated_at`) VALUES ('90', '90', '90', 'Qui eius quaerat consequatur vero velit qui autem possimus. Veritatis ipsa voluptatibus id consectetur sint eaque. Saepe qui tenetur eius facilis. Sed deleniti ipsam earum et nostrum quia.', 'neque', 0, NULL, '2014-12-04 00:28:29', '2011-10-13 06:13:46');
INSERT INTO `media` (`id`, `media_type_id`, `user_id`, `body`, `filename`, `size`, `metadata`, `created_at`, `updated_at`) VALUES ('91', '91', '91', 'Doloribus aspernatur voluptatem earum debitis ut minima. Veritatis velit aut distinctio voluptas consequuntur possimus repudiandae. Libero et nihil ipsa. Beatae eaque sed eaque dolor et.', 'commodi', 9838482, NULL, '1990-10-14 04:17:43', '2015-08-05 00:46:55');
INSERT INTO `media` (`id`, `media_type_id`, `user_id`, `body`, `filename`, `size`, `metadata`, `created_at`, `updated_at`) VALUES ('92', '92', '92', 'Saepe omnis aut sit harum ut. Doloremque unde sint dolores. Exercitationem pariatur hic fugiat harum non vitae dolorem. Similique nihil illo voluptas sunt eos reprehenderit.', 'ullam', 65312073, NULL, '1986-06-11 12:33:58', '2003-07-06 15:10:13');
INSERT INTO `media` (`id`, `media_type_id`, `user_id`, `body`, `filename`, `size`, `metadata`, `created_at`, `updated_at`) VALUES ('93', '93', '93', 'Voluptas veritatis magni similique iure omnis. Ducimus illo esse aut pariatur. Maiores repudiandae aut in vitae iste dignissimos occaecati voluptatem. Reprehenderit saepe consequuntur doloremque molestiae.', 'illo', 6535051, NULL, '1992-04-29 04:21:05', '2017-04-18 21:11:20');
INSERT INTO `media` (`id`, `media_type_id`, `user_id`, `body`, `filename`, `size`, `metadata`, `created_at`, `updated_at`) VALUES ('94', '94', '94', 'Ut id eveniet et et dignissimos. Libero nemo iure libero tempore. Dolorem quasi eum fugit cumque iste sint sapiente sit.', 'eveniet', 413402166, NULL, '2003-11-01 18:02:05', '1992-10-09 01:01:40');
INSERT INTO `media` (`id`, `media_type_id`, `user_id`, `body`, `filename`, `size`, `metadata`, `created_at`, `updated_at`) VALUES ('95', '95', '95', 'Ut et omnis qui aut non quos. Perspiciatis molestiae ratione quae et exercitationem laudantium odit. Voluptatum voluptatum assumenda quo reiciendis.', 'et', 0, NULL, '1985-11-12 22:47:44', '1989-12-23 16:29:53');
INSERT INTO `media` (`id`, `media_type_id`, `user_id`, `body`, `filename`, `size`, `metadata`, `created_at`, `updated_at`) VALUES ('96', '96', '96', 'Tempore et quibusdam repudiandae voluptatem. Est consectetur voluptatum ratione reiciendis consequatur. Quos earum repellat officiis dolor odit nihil.', 'nemo', 17331, NULL, '1970-08-05 13:34:19', '1983-05-21 16:14:35');
INSERT INTO `media` (`id`, `media_type_id`, `user_id`, `body`, `filename`, `size`, `metadata`, `created_at`, `updated_at`) VALUES ('97', '97', '97', 'Quisquam minus repellendus cum est omnis beatae. Distinctio ullam et accusamus qui repellat. Deleniti sunt natus voluptatem dolores.', 'suscipit', 77479, NULL, '1977-01-29 21:59:40', '1979-01-08 05:19:31');
INSERT INTO `media` (`id`, `media_type_id`, `user_id`, `body`, `filename`, `size`, `metadata`, `created_at`, `updated_at`) VALUES ('98', '98', '98', 'Error rem quis sit dolor. Culpa ad labore amet eius velit aut quia. Eum ut quis voluptate molestiae.', 'qui', 668, NULL, '1973-12-11 01:25:05', '1983-07-04 01:19:46');
INSERT INTO `media` (`id`, `media_type_id`, `user_id`, `body`, `filename`, `size`, `metadata`, `created_at`, `updated_at`) VALUES ('99', '99', '99', 'Adipisci sunt laudantium assumenda voluptas possimus fuga et. Similique ut rem pariatur sunt culpa. Numquam ea temporibus saepe esse quod in ut magnam. Officia sequi excepturi modi velit animi esse. Eum quia ab ex sit.', 'nemo', 9, NULL, '1995-08-16 11:14:07', '1984-06-16 11:58:59');
INSERT INTO `media` (`id`, `media_type_id`, `user_id`, `body`, `filename`, `size`, `metadata`, `created_at`, `updated_at`) VALUES ('100', '100', '100', 'Et et voluptates nemo amet. Omnis deserunt commodi omnis animi. Aut sunt a enim ipsa aliquid non enim.', 'dolorum', 93236559, NULL, '1978-10-31 14:19:29', '2014-06-18 03:23:56');


#
# TABLE STRUCTURE FOR: media_types
#

DROP TABLE IF EXISTS `media_types`;

CREATE TABLE `media_types` (
  `id` bigint(20) unsigned NOT NULL AUTO_INCREMENT,
  `name` varchar(255) COLLATE utf8mb4_unicode_ci DEFAULT NULL,
  `created_at` datetime DEFAULT current_timestamp(),
  `updated_at` datetime DEFAULT current_timestamp() ON UPDATE current_timestamp(),
  PRIMARY KEY (`id`)
) ENGINE=InnoDB AUTO_INCREMENT=101 DEFAULT CHARSET=utf8mb4 COLLATE=utf8mb4_unicode_ci;

INSERT INTO `media_types` (`id`, `name`, `created_at`, `updated_at`) VALUES ('1', 'illo', '2018-06-13 21:59:31', '2016-11-26 17:31:14');
INSERT INTO `media_types` (`id`, `name`, `created_at`, `updated_at`) VALUES ('2', 'voluptas', '1996-12-28 03:36:21', '1977-08-11 18:42:07');
INSERT INTO `media_types` (`id`, `name`, `created_at`, `updated_at`) VALUES ('3', 'odio', '1974-03-09 05:53:56', '1984-09-18 10:50:31');
INSERT INTO `media_types` (`id`, `name`, `created_at`, `updated_at`) VALUES ('4', 'quia', '2016-10-30 03:40:30', '2005-04-09 20:22:30');
INSERT INTO `media_types` (`id`, `name`, `created_at`, `updated_at`) VALUES ('5', 'sit', '1999-02-20 03:51:01', '1978-07-12 01:39:46');
INSERT INTO `media_types` (`id`, `name`, `created_at`, `updated_at`) VALUES ('6', 'molestiae', '2020-02-28 17:38:29', '2004-08-26 18:57:08');
INSERT INTO `media_types` (`id`, `name`, `created_at`, `updated_at`) VALUES ('7', 'ex', '1987-10-07 03:55:08', '1988-10-06 17:45:27');
INSERT INTO `media_types` (`id`, `name`, `created_at`, `updated_at`) VALUES ('8', 'rerum', '1981-06-24 07:10:15', '1979-01-06 15:55:34');
INSERT INTO `media_types` (`id`, `name`, `created_at`, `updated_at`) VALUES ('9', 'quo', '2015-06-08 07:42:20', '2004-03-06 07:27:40');
INSERT INTO `media_types` (`id`, `name`, `created_at`, `updated_at`) VALUES ('10', 'debitis', '2021-02-17 18:30:31', '1979-12-25 06:11:03');
INSERT INTO `media_types` (`id`, `name`, `created_at`, `updated_at`) VALUES ('11', 'provident', '2000-03-25 09:38:52', '1974-12-03 01:23:42');
INSERT INTO `media_types` (`id`, `name`, `created_at`, `updated_at`) VALUES ('12', 'rerum', '2008-01-12 22:17:54', '2009-09-25 21:26:20');
INSERT INTO `media_types` (`id`, `name`, `created_at`, `updated_at`) VALUES ('13', 'perferendis', '1983-01-19 08:27:15', '1976-12-03 19:22:18');
INSERT INTO `media_types` (`id`, `name`, `created_at`, `updated_at`) VALUES ('14', 'tempora', '1985-03-07 05:28:16', '1970-07-07 12:31:13');
INSERT INTO `media_types` (`id`, `name`, `created_at`, `updated_at`) VALUES ('15', 'voluptatem', '1986-12-30 17:17:36', '2016-11-28 22:26:26');
INSERT INTO `media_types` (`id`, `name`, `created_at`, `updated_at`) VALUES ('16', 'accusantium', '2008-04-25 18:03:53', '2011-08-27 08:01:16');
INSERT INTO `media_types` (`id`, `name`, `created_at`, `updated_at`) VALUES ('17', 'repudiandae', '1983-07-04 01:36:41', '1992-10-13 21:29:19');
INSERT INTO `media_types` (`id`, `name`, `created_at`, `updated_at`) VALUES ('18', 'necessitatibus', '2006-11-24 23:07:18', '1987-07-21 15:18:05');
INSERT INTO `media_types` (`id`, `name`, `created_at`, `updated_at`) VALUES ('19', 'facere', '1997-08-27 14:52:26', '1992-01-18 01:21:47');
INSERT INTO `media_types` (`id`, `name`, `created_at`, `updated_at`) VALUES ('20', 'molestias', '2012-09-08 11:03:45', '1997-12-19 12:28:26');
INSERT INTO `media_types` (`id`, `name`, `created_at`, `updated_at`) VALUES ('21', 'et', '2007-08-21 01:15:24', '1993-01-02 19:46:10');
INSERT INTO `media_types` (`id`, `name`, `created_at`, `updated_at`) VALUES ('22', 'magni', '1975-09-16 10:28:15', '1970-07-04 01:41:48');
INSERT INTO `media_types` (`id`, `name`, `created_at`, `updated_at`) VALUES ('23', 'aliquam', '1972-01-04 12:21:59', '1998-07-25 09:57:59');
INSERT INTO `media_types` (`id`, `name`, `created_at`, `updated_at`) VALUES ('24', 'nisi', '1978-03-24 17:06:27', '2009-02-17 15:37:01');
INSERT INTO `media_types` (`id`, `name`, `created_at`, `updated_at`) VALUES ('25', 'aut', '2000-12-19 03:07:34', '1999-08-14 06:25:27');
INSERT INTO `media_types` (`id`, `name`, `created_at`, `updated_at`) VALUES ('26', 'aliquid', '2002-04-14 13:07:05', '1973-04-04 22:54:27');
INSERT INTO `media_types` (`id`, `name`, `created_at`, `updated_at`) VALUES ('27', 'culpa', '2003-11-14 06:21:08', '2018-11-03 09:00:17');
INSERT INTO `media_types` (`id`, `name`, `created_at`, `updated_at`) VALUES ('28', 'sed', '2017-10-28 17:44:30', '1977-12-27 00:47:38');
INSERT INTO `media_types` (`id`, `name`, `created_at`, `updated_at`) VALUES ('29', 'necessitatibus', '1995-02-04 20:49:29', '2016-12-23 01:34:46');
INSERT INTO `media_types` (`id`, `name`, `created_at`, `updated_at`) VALUES ('30', 'numquam', '1981-07-27 13:08:01', '1971-01-29 18:33:59');
INSERT INTO `media_types` (`id`, `name`, `created_at`, `updated_at`) VALUES ('31', 'dolore', '1989-04-03 05:18:31', '2000-09-06 04:51:01');
INSERT INTO `media_types` (`id`, `name`, `created_at`, `updated_at`) VALUES ('32', 'quia', '2012-05-04 10:45:52', '1986-02-04 15:54:57');
INSERT INTO `media_types` (`id`, `name`, `created_at`, `updated_at`) VALUES ('33', 'eveniet', '1984-04-06 18:38:10', '1981-04-30 02:19:55');
INSERT INTO `media_types` (`id`, `name`, `created_at`, `updated_at`) VALUES ('34', 'reiciendis', '2000-08-31 14:55:46', '1972-09-02 07:53:08');
INSERT INTO `media_types` (`id`, `name`, `created_at`, `updated_at`) VALUES ('35', 'in', '2005-05-22 14:52:53', '1977-03-11 01:17:28');
INSERT INTO `media_types` (`id`, `name`, `created_at`, `updated_at`) VALUES ('36', 'aliquam', '1979-12-30 19:39:07', '2005-03-28 14:32:03');
INSERT INTO `media_types` (`id`, `name`, `created_at`, `updated_at`) VALUES ('37', 'esse', '1983-02-17 12:39:20', '2001-03-26 13:14:29');
INSERT INTO `media_types` (`id`, `name`, `created_at`, `updated_at`) VALUES ('38', 'quis', '1979-08-27 23:37:02', '2003-10-17 05:12:51');
INSERT INTO `media_types` (`id`, `name`, `created_at`, `updated_at`) VALUES ('39', 'eligendi', '2019-07-19 21:40:06', '2013-03-02 05:47:00');
INSERT INTO `media_types` (`id`, `name`, `created_at`, `updated_at`) VALUES ('40', 'id', '2008-01-02 19:04:26', '2012-10-17 08:40:27');
INSERT INTO `media_types` (`id`, `name`, `created_at`, `updated_at`) VALUES ('41', 'aut', '2012-11-07 05:06:48', '1988-10-20 05:45:24');
INSERT INTO `media_types` (`id`, `name`, `created_at`, `updated_at`) VALUES ('42', 'dicta', '1973-04-08 15:06:24', '1993-11-24 11:26:54');
INSERT INTO `media_types` (`id`, `name`, `created_at`, `updated_at`) VALUES ('43', 'earum', '2000-10-13 02:24:33', '1974-06-27 01:03:51');
INSERT INTO `media_types` (`id`, `name`, `created_at`, `updated_at`) VALUES ('44', 'non', '1974-01-05 17:33:33', '1979-06-10 12:57:57');
INSERT INTO `media_types` (`id`, `name`, `created_at`, `updated_at`) VALUES ('45', 'ipsum', '1979-09-23 08:57:57', '2005-03-18 09:50:34');
INSERT INTO `media_types` (`id`, `name`, `created_at`, `updated_at`) VALUES ('46', 'natus', '1989-03-05 21:41:41', '1972-10-20 00:47:49');
INSERT INTO `media_types` (`id`, `name`, `created_at`, `updated_at`) VALUES ('47', 'quia', '1980-09-09 22:22:59', '2022-03-24 11:20:35');
INSERT INTO `media_types` (`id`, `name`, `created_at`, `updated_at`) VALUES ('48', 'cupiditate', '2019-03-19 05:28:32', '2000-11-08 05:23:20');
INSERT INTO `media_types` (`id`, `name`, `created_at`, `updated_at`) VALUES ('49', 'aut', '2009-12-20 05:55:46', '1974-02-28 12:59:02');
INSERT INTO `media_types` (`id`, `name`, `created_at`, `updated_at`) VALUES ('50', 'perspiciatis', '1989-11-27 08:36:44', '1976-07-07 10:17:31');
INSERT INTO `media_types` (`id`, `name`, `created_at`, `updated_at`) VALUES ('51', 'nisi', '2006-02-02 02:02:10', '2013-10-04 01:18:32');
INSERT INTO `media_types` (`id`, `name`, `created_at`, `updated_at`) VALUES ('52', 'quos', '1971-02-09 09:47:30', '1973-09-29 04:25:30');
INSERT INTO `media_types` (`id`, `name`, `created_at`, `updated_at`) VALUES ('53', 'sed', '1999-09-12 01:24:18', '1987-07-11 20:37:30');
INSERT INTO `media_types` (`id`, `name`, `created_at`, `updated_at`) VALUES ('54', 'aut', '1993-10-13 09:15:20', '1988-07-06 14:58:03');
INSERT INTO `media_types` (`id`, `name`, `created_at`, `updated_at`) VALUES ('55', 'nisi', '1994-09-24 22:13:47', '2010-03-22 02:51:40');
INSERT INTO `media_types` (`id`, `name`, `created_at`, `updated_at`) VALUES ('56', 'eligendi', '2004-05-09 08:23:00', '1991-03-01 04:11:07');
INSERT INTO `media_types` (`id`, `name`, `created_at`, `updated_at`) VALUES ('57', 'rerum', '1980-08-31 09:12:27', '1986-06-05 14:34:41');
INSERT INTO `media_types` (`id`, `name`, `created_at`, `updated_at`) VALUES ('58', 'odit', '1988-03-13 13:12:01', '2009-04-22 12:20:20');
INSERT INTO `media_types` (`id`, `name`, `created_at`, `updated_at`) VALUES ('59', 'quibusdam', '2017-09-03 18:09:35', '1991-02-11 14:58:41');
INSERT INTO `media_types` (`id`, `name`, `created_at`, `updated_at`) VALUES ('60', 'et', '2009-09-15 12:49:33', '2013-03-07 11:23:35');
INSERT INTO `media_types` (`id`, `name`, `created_at`, `updated_at`) VALUES ('61', 'ipsam', '1971-07-06 23:38:22', '2015-07-31 15:53:54');
INSERT INTO `media_types` (`id`, `name`, `created_at`, `updated_at`) VALUES ('62', 'sit', '2008-09-18 13:26:07', '2010-12-16 08:38:53');
INSERT INTO `media_types` (`id`, `name`, `created_at`, `updated_at`) VALUES ('63', 'voluptas', '2002-03-12 03:48:05', '1998-10-02 18:47:30');
INSERT INTO `media_types` (`id`, `name`, `created_at`, `updated_at`) VALUES ('64', 'non', '2017-09-21 21:31:17', '1977-05-02 12:04:51');
INSERT INTO `media_types` (`id`, `name`, `created_at`, `updated_at`) VALUES ('65', 'numquam', '1990-04-17 18:50:39', '1971-02-23 06:21:52');
INSERT INTO `media_types` (`id`, `name`, `created_at`, `updated_at`) VALUES ('66', 'omnis', '1986-11-01 18:01:41', '1995-04-26 02:48:01');
INSERT INTO `media_types` (`id`, `name`, `created_at`, `updated_at`) VALUES ('67', 'soluta', '1997-01-08 09:29:49', '1989-01-01 04:59:33');
INSERT INTO `media_types` (`id`, `name`, `created_at`, `updated_at`) VALUES ('68', 'provident', '1973-08-04 13:39:28', '2016-04-28 21:29:52');
INSERT INTO `media_types` (`id`, `name`, `created_at`, `updated_at`) VALUES ('69', 'et', '1998-11-03 17:55:00', '1989-06-25 22:51:40');
INSERT INTO `media_types` (`id`, `name`, `created_at`, `updated_at`) VALUES ('70', 'sit', '1976-04-01 18:38:18', '1999-08-26 04:34:57');
INSERT INTO `media_types` (`id`, `name`, `created_at`, `updated_at`) VALUES ('71', 'commodi', '1983-04-04 06:01:23', '1972-05-27 01:35:39');
INSERT INTO `media_types` (`id`, `name`, `created_at`, `updated_at`) VALUES ('72', 'dolor', '1979-10-02 06:37:21', '2000-05-29 15:55:40');
INSERT INTO `media_types` (`id`, `name`, `created_at`, `updated_at`) VALUES ('73', 'dolores', '1996-01-26 05:14:46', '1987-03-19 03:44:32');
INSERT INTO `media_types` (`id`, `name`, `created_at`, `updated_at`) VALUES ('74', 'voluptatum', '2000-01-01 12:58:24', '1973-04-19 06:08:27');
INSERT INTO `media_types` (`id`, `name`, `created_at`, `updated_at`) VALUES ('75', 'architecto', '2002-10-16 15:00:17', '1993-03-19 06:01:03');
INSERT INTO `media_types` (`id`, `name`, `created_at`, `updated_at`) VALUES ('76', 'iste', '2011-09-27 06:10:25', '2005-08-28 21:25:29');
INSERT INTO `media_types` (`id`, `name`, `created_at`, `updated_at`) VALUES ('77', 'cupiditate', '2017-08-17 08:08:24', '1978-03-10 20:26:37');
INSERT INTO `media_types` (`id`, `name`, `created_at`, `updated_at`) VALUES ('78', 'ratione', '1976-08-08 11:59:42', '2000-03-04 04:26:50');
INSERT INTO `media_types` (`id`, `name`, `created_at`, `updated_at`) VALUES ('79', 'ut', '2022-03-25 09:07:40', '2008-06-19 05:34:17');
INSERT INTO `media_types` (`id`, `name`, `created_at`, `updated_at`) VALUES ('80', 'unde', '1978-07-01 12:24:20', '1980-11-28 21:10:12');
INSERT INTO `media_types` (`id`, `name`, `created_at`, `updated_at`) VALUES ('81', 'asperiores', '1987-07-08 12:06:22', '2004-08-02 08:22:30');
INSERT INTO `media_types` (`id`, `name`, `created_at`, `updated_at`) VALUES ('82', 'possimus', '2001-05-19 10:38:27', '2020-10-03 14:29:49');
INSERT INTO `media_types` (`id`, `name`, `created_at`, `updated_at`) VALUES ('83', 'blanditiis', '2015-05-11 18:43:55', '1971-07-07 22:39:24');
INSERT INTO `media_types` (`id`, `name`, `created_at`, `updated_at`) VALUES ('84', 'cumque', '1996-05-02 16:01:20', '2010-01-28 08:52:18');
INSERT INTO `media_types` (`id`, `name`, `created_at`, `updated_at`) VALUES ('85', 'distinctio', '1978-10-09 07:31:48', '1974-03-09 12:01:45');
INSERT INTO `media_types` (`id`, `name`, `created_at`, `updated_at`) VALUES ('86', 'est', '1997-01-28 05:54:18', '2008-01-24 20:14:47');
INSERT INTO `media_types` (`id`, `name`, `created_at`, `updated_at`) VALUES ('87', 'recusandae', '1989-10-24 15:12:49', '2018-12-24 18:44:55');
INSERT INTO `media_types` (`id`, `name`, `created_at`, `updated_at`) VALUES ('88', 'tenetur', '1980-08-20 02:00:39', '1970-09-21 20:58:38');
INSERT INTO `media_types` (`id`, `name`, `created_at`, `updated_at`) VALUES ('89', 'impedit', '1974-09-27 09:23:59', '1970-06-30 06:17:39');
INSERT INTO `media_types` (`id`, `name`, `created_at`, `updated_at`) VALUES ('90', 'saepe', '2015-08-07 13:18:13', '1976-08-20 22:56:43');
INSERT INTO `media_types` (`id`, `name`, `created_at`, `updated_at`) VALUES ('91', 'quas', '1971-10-11 17:58:18', '2011-07-25 13:21:35');
INSERT INTO `media_types` (`id`, `name`, `created_at`, `updated_at`) VALUES ('92', 'vel', '1977-09-19 15:48:36', '2022-04-28 08:50:48');
INSERT INTO `media_types` (`id`, `name`, `created_at`, `updated_at`) VALUES ('93', 'architecto', '2019-09-22 15:35:37', '2010-10-13 21:16:48');
INSERT INTO `media_types` (`id`, `name`, `created_at`, `updated_at`) VALUES ('94', 'architecto', '1983-02-11 11:40:52', '1972-11-26 21:06:28');
INSERT INTO `media_types` (`id`, `name`, `created_at`, `updated_at`) VALUES ('95', 'quo', '2019-06-13 08:12:41', '2020-03-06 06:00:42');
INSERT INTO `media_types` (`id`, `name`, `created_at`, `updated_at`) VALUES ('96', 'distinctio', '1980-11-16 20:21:58', '1982-07-27 20:56:20');
INSERT INTO `media_types` (`id`, `name`, `created_at`, `updated_at`) VALUES ('97', 'a', '2018-01-29 09:40:08', '1976-10-16 23:37:48');
INSERT INTO `media_types` (`id`, `name`, `created_at`, `updated_at`) VALUES ('98', 'at', '1973-11-21 03:41:16', '1986-12-01 13:45:08');
INSERT INTO `media_types` (`id`, `name`, `created_at`, `updated_at`) VALUES ('99', 'minima', '1989-06-26 03:41:26', '2021-05-18 10:14:40');
INSERT INTO `media_types` (`id`, `name`, `created_at`, `updated_at`) VALUES ('100', 'quidem', '1989-12-09 20:39:33', '2019-08-05 14:09:27');


#
# TABLE STRUCTURE FOR: messages
#

DROP TABLE IF EXISTS `messages`;

CREATE TABLE `messages` (
  `id` bigint(20) unsigned NOT NULL AUTO_INCREMENT,
  `from_user_id` bigint(20) unsigned NOT NULL,
  `to_user_id` bigint(20) unsigned NOT NULL,
  `body` text COLLATE utf8mb4_unicode_ci DEFAULT NULL,
  `created_at` datetime DEFAULT current_timestamp(),
  PRIMARY KEY (`id`),
  KEY `from_user_id` (`from_user_id`),
  KEY `to_user_id` (`to_user_id`),
  CONSTRAINT `messages_ibfk_1` FOREIGN KEY (`from_user_id`) REFERENCES `users` (`id`) ON DELETE CASCADE ON UPDATE CASCADE,
  CONSTRAINT `messages_ibfk_2` FOREIGN KEY (`to_user_id`) REFERENCES `users` (`id`) ON DELETE CASCADE ON UPDATE CASCADE
) ENGINE=InnoDB AUTO_INCREMENT=101 DEFAULT CHARSET=utf8mb4 COLLATE=utf8mb4_unicode_ci;

INSERT INTO `messages` (`id`, `from_user_id`, `to_user_id`, `body`, `created_at`) VALUES ('1', '51', '82', 'Ut impedit explicabo et aut laudantium beatae magni. Itaque maiores consequatur possimus rerum ut et nihil. Recusandae non rem tempora molestiae quibusdam quidem dolor. In blanditiis et corrupti.', '1983-10-23 05:51:57');
INSERT INTO `messages` (`id`, `from_user_id`, `to_user_id`, `body`, `created_at`) VALUES ('2', '17', '15', 'Enim voluptatum ea veritatis voluptatibus earum quam. Rerum tempore dolore explicabo voluptatem quo possimus dolores. Aut ut corporis laudantium tempore ab omnis. Cum praesentium rerum deleniti dolorem modi.', '1998-01-11 05:47:32');
INSERT INTO `messages` (`id`, `from_user_id`, `to_user_id`, `body`, `created_at`) VALUES ('3', '76', '80', 'Quas consequuntur ipsum aliquam eaque quia delectus. Nihil dolore id eligendi autem consequatur. Ullam sed nostrum ducimus autem. Adipisci illo debitis ducimus doloribus.', '2014-01-28 20:30:50');
INSERT INTO `messages` (`id`, `from_user_id`, `to_user_id`, `body`, `created_at`) VALUES ('4', '9', '83', 'Enim ut et voluptas quis. Iure nesciunt deleniti debitis rem. Doloribus rerum dolores atque ipsam rem. Nihil iste consectetur quisquam et.', '1989-08-15 04:21:42');
INSERT INTO `messages` (`id`, `from_user_id`, `to_user_id`, `body`, `created_at`) VALUES ('5', '21', '30', 'Magnam enim dolor alias quam architecto. Ullam quisquam beatae odit et odio cupiditate. Dignissimos ut itaque culpa architecto et atque.', '2007-04-16 22:54:12');
INSERT INTO `messages` (`id`, `from_user_id`, `to_user_id`, `body`, `created_at`) VALUES ('6', '5', '83', 'Totam officia est aut distinctio. Fugit consequatur perferendis similique laborum eaque. Consequatur eveniet iste et ipsa facere reiciendis. Magni eos fuga cum laboriosam totam aperiam itaque.', '2004-03-12 14:38:50');
INSERT INTO `messages` (`id`, `from_user_id`, `to_user_id`, `body`, `created_at`) VALUES ('7', '34', '75', 'Et veritatis vitae deserunt explicabo doloribus. Ea et eum est laboriosam est debitis corrupti mollitia. Et quos hic temporibus deserunt culpa et laborum.', '1996-08-09 09:52:21');
INSERT INTO `messages` (`id`, `from_user_id`, `to_user_id`, `body`, `created_at`) VALUES ('8', '12', '3', 'Id cupiditate est nam inventore distinctio. Qui ut placeat aut hic. Aperiam in sit dicta maxime ratione enim. Modi inventore blanditiis dignissimos dolor laboriosam hic rerum voluptas.', '1978-12-03 20:06:31');
INSERT INTO `messages` (`id`, `from_user_id`, `to_user_id`, `body`, `created_at`) VALUES ('9', '10', '99', 'Cumque non quis quis rerum consequatur. Vel quisquam eaque iure aut animi. Est corporis laboriosam error sit.', '1987-05-06 19:41:52');
INSERT INTO `messages` (`id`, `from_user_id`, `to_user_id`, `body`, `created_at`) VALUES ('10', '70', '58', 'Consectetur consequuntur nesciunt vero animi earum nihil occaecati aperiam. Dignissimos dolor ducimus iste. Ratione occaecati mollitia itaque et.', '2008-08-24 05:06:20');
INSERT INTO `messages` (`id`, `from_user_id`, `to_user_id`, `body`, `created_at`) VALUES ('11', '13', '20', 'Officiis animi et facere porro est ea id magnam. Velit qui quasi dicta incidunt. Tempore itaque voluptatem rerum incidunt rerum. Eos laboriosam est sunt ut consequatur.', '2019-09-19 19:33:05');
INSERT INTO `messages` (`id`, `from_user_id`, `to_user_id`, `body`, `created_at`) VALUES ('12', '17', '69', 'Est est ut ea corrupti necessitatibus minima. Omnis laudantium sit et voluptatem laborum. Dolore vitae qui ut sit veniam.', '2012-10-17 00:13:29');
INSERT INTO `messages` (`id`, `from_user_id`, `to_user_id`, `body`, `created_at`) VALUES ('13', '100', '38', 'Ea earum molestiae quidem in est fuga est. Aperiam repellendus magni ipsum iusto. Similique ab enim tempore corporis. Quia eos non est voluptate nisi sit.', '1997-04-29 22:46:46');
INSERT INTO `messages` (`id`, `from_user_id`, `to_user_id`, `body`, `created_at`) VALUES ('14', '96', '5', 'Nesciunt ut deserunt porro qui. Praesentium debitis doloribus eum optio. Quod voluptas inventore repellat totam eos.', '1979-05-10 04:58:34');
INSERT INTO `messages` (`id`, `from_user_id`, `to_user_id`, `body`, `created_at`) VALUES ('15', '84', '18', 'Amet distinctio quia at. Quis voluptatum consectetur nemo a optio atque quasi. Doloremque et modi exercitationem sed.', '1993-03-21 05:51:27');
INSERT INTO `messages` (`id`, `from_user_id`, `to_user_id`, `body`, `created_at`) VALUES ('16', '12', '34', 'Laborum eos qui reprehenderit voluptatem molestiae et aliquam. Debitis accusantium impedit accusamus quam accusantium. Doloribus rem possimus in labore recusandae. Voluptas suscipit consequatur quia quae provident sequi.', '2014-09-07 10:33:41');
INSERT INTO `messages` (`id`, `from_user_id`, `to_user_id`, `body`, `created_at`) VALUES ('17', '99', '29', 'Sed tenetur repellendus odio ut. Voluptas molestiae accusamus autem illum maiores fugiat. Explicabo omnis at nihil dolor ducimus.', '2004-01-29 01:30:27');
INSERT INTO `messages` (`id`, `from_user_id`, `to_user_id`, `body`, `created_at`) VALUES ('18', '49', '74', 'Iure in id consequatur quis. Et autem porro neque neque amet est qui est. Enim quisquam quis eos quaerat assumenda possimus enim illo.', '2022-01-02 07:42:53');
INSERT INTO `messages` (`id`, `from_user_id`, `to_user_id`, `body`, `created_at`) VALUES ('19', '9', '57', 'Itaque ut consequuntur accusamus. Voluptatem sint fugiat deleniti accusantium voluptate. Reprehenderit est ut quidem aut beatae quo ut praesentium. Nam aut facilis fugiat.', '2010-11-02 13:18:58');
INSERT INTO `messages` (`id`, `from_user_id`, `to_user_id`, `body`, `created_at`) VALUES ('20', '56', '29', 'Molestiae molestiae voluptatem quas nihil alias. Iste placeat cumque enim officia non aut similique delectus. Ipsam animi mollitia aliquid at.', '2000-02-07 20:07:52');
INSERT INTO `messages` (`id`, `from_user_id`, `to_user_id`, `body`, `created_at`) VALUES ('21', '86', '61', 'Ut vero nisi impedit quos modi. Ut fugiat perferendis libero eveniet recusandae. Laudantium aut enim qui delectus numquam voluptatem. Nobis possimus nisi dolores.', '1991-07-25 04:25:10');
INSERT INTO `messages` (`id`, `from_user_id`, `to_user_id`, `body`, `created_at`) VALUES ('22', '12', '19', 'Qui quod unde earum illo sunt est ducimus nihil. Ut aut quos consectetur reprehenderit. Autem at inventore laboriosam voluptatem sunt. Quas quisquam a fuga dolor.', '2010-07-18 11:50:08');
INSERT INTO `messages` (`id`, `from_user_id`, `to_user_id`, `body`, `created_at`) VALUES ('23', '36', '24', 'Maxime earum sed aut velit aperiam ut quisquam. Eius occaecati perspiciatis architecto commodi vero quasi est. Nostrum et blanditiis quidem rerum saepe alias. Explicabo et autem nam.', '1990-01-03 19:20:17');
INSERT INTO `messages` (`id`, `from_user_id`, `to_user_id`, `body`, `created_at`) VALUES ('24', '22', '45', 'Sit molestiae accusantium quia est itaque et ut. Minima nihil sit nihil. Molestiae voluptatem eaque at.', '2022-06-09 00:31:57');
INSERT INTO `messages` (`id`, `from_user_id`, `to_user_id`, `body`, `created_at`) VALUES ('25', '22', '91', 'Consectetur dolorem aut labore id. Illo vel quo eius natus dignissimos. Et doloribus nesciunt quidem sed expedita sit.', '2003-06-02 17:03:43');
INSERT INTO `messages` (`id`, `from_user_id`, `to_user_id`, `body`, `created_at`) VALUES ('26', '2', '34', 'Suscipit laboriosam fuga odit voluptatem voluptatem voluptas dolor. Quod vel expedita dolorum ab quam magni. Harum eos aut voluptatum est natus non commodi. Consequatur inventore qui nam praesentium sint ratione nulla.', '2012-01-25 13:03:18');
INSERT INTO `messages` (`id`, `from_user_id`, `to_user_id`, `body`, `created_at`) VALUES ('27', '11', '19', 'Dolores nemo quas occaecati est doloribus. Quia qui vitae aperiam velit dolor ducimus voluptate. Vitae mollitia non sit expedita. Assumenda rerum sed aut ratione qui.', '1974-08-08 23:37:01');
INSERT INTO `messages` (`id`, `from_user_id`, `to_user_id`, `body`, `created_at`) VALUES ('28', '3', '11', 'Doloremque culpa voluptatem sed aut quidem placeat. Vitae sed iusto cumque. Atque eveniet minus autem dignissimos autem. Aliquam autem voluptates non nobis qui.', '2005-12-05 23:15:14');
INSERT INTO `messages` (`id`, `from_user_id`, `to_user_id`, `body`, `created_at`) VALUES ('29', '57', '98', 'Et quia saepe dolores omnis. Nemo recusandae minus ea quaerat asperiores magnam aliquid. Sed inventore ut eveniet facere consequatur eos non.', '1974-11-24 13:12:38');
INSERT INTO `messages` (`id`, `from_user_id`, `to_user_id`, `body`, `created_at`) VALUES ('30', '15', '40', 'Dicta iure rerum magni voluptates et eius id. Enim ut impedit quia. Voluptas dolore reiciendis ea.', '2021-01-17 02:25:20');
INSERT INTO `messages` (`id`, `from_user_id`, `to_user_id`, `body`, `created_at`) VALUES ('31', '15', '27', 'Et ut non aperiam iure officiis nostrum. Fuga eos quos eius accusantium modi. Enim quia porro vel sunt et. Asperiores voluptas labore vitae id in architecto.', '2003-03-15 20:26:33');
INSERT INTO `messages` (`id`, `from_user_id`, `to_user_id`, `body`, `created_at`) VALUES ('32', '74', '13', 'Nihil omnis velit provident animi doloribus eos officia accusantium. Labore et et amet accusamus numquam. Excepturi ut doloremque provident sed quia non fugit praesentium. Non sit error ut molestiae.', '1990-11-24 16:18:28');
INSERT INTO `messages` (`id`, `from_user_id`, `to_user_id`, `body`, `created_at`) VALUES ('33', '56', '22', 'At veniam nisi delectus eligendi dolor. Repellat eligendi fuga aspernatur earum quaerat laudantium et. Maiores magnam sed dolores nihil id nam soluta. Sequi magni et aperiam qui consectetur ducimus.', '1999-07-26 14:49:34');
INSERT INTO `messages` (`id`, `from_user_id`, `to_user_id`, `body`, `created_at`) VALUES ('34', '87', '64', 'Doloribus occaecati voluptas fugit sit quod quo. Eveniet harum esse totam eos qui. Reiciendis delectus repudiandae quo nostrum cum dicta. Voluptatem eaque tempora et ipsam eius voluptates rerum.', '2021-09-14 05:20:47');
INSERT INTO `messages` (`id`, `from_user_id`, `to_user_id`, `body`, `created_at`) VALUES ('35', '79', '43', 'Omnis non aliquam dolores deserunt. Rerum corrupti ea voluptatem aliquid. Debitis consequatur voluptas ratione qui molestiae et totam provident.', '2018-08-28 04:04:31');
INSERT INTO `messages` (`id`, `from_user_id`, `to_user_id`, `body`, `created_at`) VALUES ('36', '93', '65', 'Aliquid id corporis velit reiciendis tempore optio. Qui totam dolor odio corporis quis ut est. Deleniti libero nostrum vel assumenda eum architecto ipsam et. Molestiae ad aut praesentium adipisci veritatis odio.', '1979-09-26 10:58:54');
INSERT INTO `messages` (`id`, `from_user_id`, `to_user_id`, `body`, `created_at`) VALUES ('37', '3', '4', 'Recusandae voluptatum minima eius ex. Velit adipisci rem officia perferendis consectetur eius ea. Qui sit quibusdam ut.', '1991-05-25 14:38:06');
INSERT INTO `messages` (`id`, `from_user_id`, `to_user_id`, `body`, `created_at`) VALUES ('38', '84', '38', 'Et fugit fuga assumenda distinctio minima. Voluptatum molestiae fugiat porro est. Vitae voluptas aliquam voluptate nihil reprehenderit consectetur.', '1985-08-09 18:24:55');
INSERT INTO `messages` (`id`, `from_user_id`, `to_user_id`, `body`, `created_at`) VALUES ('39', '28', '5', 'Consequuntur sunt reiciendis culpa explicabo tempora dolorem. Nam sapiente nihil provident et numquam. Qui ab nobis sed dolorem sint necessitatibus. Nisi quod distinctio aspernatur molestiae esse.', '2021-10-09 05:46:34');
INSERT INTO `messages` (`id`, `from_user_id`, `to_user_id`, `body`, `created_at`) VALUES ('40', '83', '49', 'Quas perferendis non tempore harum et veritatis. Architecto aut quia ipsam modi non fuga. Eos iusto voluptate enim exercitationem unde asperiores.', '2009-04-16 03:52:41');
INSERT INTO `messages` (`id`, `from_user_id`, `to_user_id`, `body`, `created_at`) VALUES ('41', '96', '85', 'Mollitia cumque enim sed. Maxime eius aut molestiae ipsum expedita. Et repellat ipsum laudantium. Quasi sint ea occaecati nostrum. Odit aut est ut nam libero reprehenderit quibusdam odio.', '1994-07-13 00:45:48');
INSERT INTO `messages` (`id`, `from_user_id`, `to_user_id`, `body`, `created_at`) VALUES ('42', '83', '6', 'Aspernatur et mollitia praesentium. Ratione ipsam labore molestiae eius. Ut veritatis eaque aut facilis consequatur dolores dignissimos. Voluptatem laborum iusto voluptates nam ex et expedita. Blanditiis amet quae est a dolorem culpa sapiente.', '1981-08-31 22:22:17');
INSERT INTO `messages` (`id`, `from_user_id`, `to_user_id`, `body`, `created_at`) VALUES ('43', '3', '85', 'Dolore blanditiis reprehenderit id ut consectetur et rem. Et eligendi iure fugit non sed dolor voluptas. Consequatur ut architecto rerum qui. A tenetur vitae voluptas at ratione dicta.', '1970-11-10 21:54:26');
INSERT INTO `messages` (`id`, `from_user_id`, `to_user_id`, `body`, `created_at`) VALUES ('44', '17', '60', 'Maiores nemo nemo asperiores alias delectus. Iste id veritatis quia ut adipisci omnis. Perspiciatis et quo doloribus voluptate enim.', '2009-10-13 12:51:04');
INSERT INTO `messages` (`id`, `from_user_id`, `to_user_id`, `body`, `created_at`) VALUES ('45', '83', '31', 'Aut iste dolorem in amet. Dignissimos sit ut animi autem odit doloremque velit. Voluptate qui quisquam et cupiditate laboriosam ipsum. Maxime perferendis et molestias.', '1998-08-23 14:10:36');
INSERT INTO `messages` (`id`, `from_user_id`, `to_user_id`, `body`, `created_at`) VALUES ('46', '100', '97', 'Impedit dolorum ducimus adipisci laudantium id et non. Et magni quod quasi eaque aut est qui. Reprehenderit alias dignissimos possimus iste. Dolores ut a voluptates mollitia.', '1982-04-05 04:49:09');
INSERT INTO `messages` (`id`, `from_user_id`, `to_user_id`, `body`, `created_at`) VALUES ('47', '58', '73', 'Dignissimos dolores nesciunt hic. Vitae nostrum consectetur id eaque quia aliquam soluta. Dolor sit quaerat est vero eius quae eaque.', '1986-06-30 13:28:29');
INSERT INTO `messages` (`id`, `from_user_id`, `to_user_id`, `body`, `created_at`) VALUES ('48', '9', '13', 'Suscipit labore est perferendis consequatur et. Voluptates minus asperiores et rerum velit reprehenderit. Aut distinctio nesciunt dolorem reiciendis praesentium cumque dolor. Aspernatur soluta et sunt unde.', '2009-05-06 18:47:10');
INSERT INTO `messages` (`id`, `from_user_id`, `to_user_id`, `body`, `created_at`) VALUES ('49', '95', '96', 'Eum soluta doloremque et qui facilis qui. Perferendis hic modi illo sit fugit. Natus suscipit corrupti soluta amet nostrum quas ut qui.', '2011-01-01 22:02:05');
INSERT INTO `messages` (`id`, `from_user_id`, `to_user_id`, `body`, `created_at`) VALUES ('50', '77', '74', 'Doloribus repellat ducimus sit rerum. Exercitationem molestiae quae quaerat assumenda placeat. Et doloremque voluptatum est quisquam eius animi debitis.', '1971-11-15 17:09:41');
INSERT INTO `messages` (`id`, `from_user_id`, `to_user_id`, `body`, `created_at`) VALUES ('51', '39', '70', 'Officia nemo aut labore officia officia aut ad. Nobis minus aliquid nemo inventore nesciunt.', '1990-08-14 00:42:55');
INSERT INTO `messages` (`id`, `from_user_id`, `to_user_id`, `body`, `created_at`) VALUES ('52', '39', '41', 'Corrupti aut facere excepturi excepturi totam ut. Eveniet aperiam fugiat aut praesentium quidem modi aut. Itaque vitae quia pariatur dolorem sunt tenetur aperiam. Mollitia assumenda dolorem omnis ab et.', '2002-04-25 06:35:35');
INSERT INTO `messages` (`id`, `from_user_id`, `to_user_id`, `body`, `created_at`) VALUES ('53', '74', '22', 'Odit iste quisquam excepturi sint. Fugit fuga omnis et earum quidem porro praesentium. Ut dolorem suscipit omnis molestiae provident delectus voluptatum.', '2021-11-12 12:21:55');
INSERT INTO `messages` (`id`, `from_user_id`, `to_user_id`, `body`, `created_at`) VALUES ('54', '79', '1', 'In eveniet rerum et accusantium sit aut. Voluptatum veniam voluptas velit debitis tenetur sint fuga. Sit fugit eum culpa aspernatur odio consequatur aut. Sit sit saepe aut deserunt. Sed et nihil maxime recusandae.', '1993-07-11 00:56:37');
INSERT INTO `messages` (`id`, `from_user_id`, `to_user_id`, `body`, `created_at`) VALUES ('55', '27', '62', 'Fuga et eum itaque enim nobis ut voluptatibus. In id sit autem sint. Maxime error iste velit voluptas commodi sit. Numquam itaque ut ipsa. Illo sit consequatur sit iure.', '2022-02-27 16:18:16');
INSERT INTO `messages` (`id`, `from_user_id`, `to_user_id`, `body`, `created_at`) VALUES ('56', '49', '22', 'Et voluptate necessitatibus porro accusantium adipisci qui. Qui non non amet voluptatem est officiis. A perspiciatis consectetur optio eum deserunt vel dolores.', '2001-11-26 01:22:01');
INSERT INTO `messages` (`id`, `from_user_id`, `to_user_id`, `body`, `created_at`) VALUES ('57', '46', '32', 'Tempora et quis eos error. Quas impedit ut placeat magnam magni laudantium. Nesciunt cupiditate atque aut.', '1984-11-09 11:18:18');
INSERT INTO `messages` (`id`, `from_user_id`, `to_user_id`, `body`, `created_at`) VALUES ('58', '28', '49', 'Ut repellat sit quia. Veniam aut ducimus facere. Sed consequatur nulla accusantium in repellendus et consectetur. Repellendus sit esse et qui exercitationem accusantium veritatis.', '2006-05-19 00:23:24');
INSERT INTO `messages` (`id`, `from_user_id`, `to_user_id`, `body`, `created_at`) VALUES ('59', '17', '44', 'Voluptatem atque rem vitae consequatur quaerat. Non quisquam doloribus dolor maxime. Facilis est non quo dolore est reiciendis dolore veritatis.', '1999-06-19 05:06:47');
INSERT INTO `messages` (`id`, `from_user_id`, `to_user_id`, `body`, `created_at`) VALUES ('60', '8', '99', 'Iusto at rerum nemo neque totam aspernatur consequuntur. Et doloribus vero voluptate eum officiis. Occaecati non pariatur quae eveniet est.', '2004-09-06 07:01:08');
INSERT INTO `messages` (`id`, `from_user_id`, `to_user_id`, `body`, `created_at`) VALUES ('61', '75', '7', 'Mollitia quaerat commodi consequatur illum modi. Qui dolorum eum at quis.', '2012-08-20 23:48:48');
INSERT INTO `messages` (`id`, `from_user_id`, `to_user_id`, `body`, `created_at`) VALUES ('62', '95', '32', 'Aut quia consequatur natus rerum molestiae eos fugiat et. Et dolores ut aut sed esse molestiae. Totam odit et voluptatum at. Et nemo dignissimos qui ea.', '1978-03-01 21:47:50');
INSERT INTO `messages` (`id`, `from_user_id`, `to_user_id`, `body`, `created_at`) VALUES ('63', '80', '4', 'Voluptatibus fugiat neque eum error sint. Error consequatur consequuntur ab error laborum eos. Impedit et soluta quia assumenda. Aut ut perferendis quia sit quas molestiae fugiat.', '2013-07-03 12:24:52');
INSERT INTO `messages` (`id`, `from_user_id`, `to_user_id`, `body`, `created_at`) VALUES ('64', '45', '75', 'Aut provident qui dolorem perferendis sit. Adipisci tempora enim voluptas numquam et atque. Corrupti reiciendis alias voluptas. Cumque rerum culpa assumenda mollitia ad totam.', '1979-08-02 04:13:02');
INSERT INTO `messages` (`id`, `from_user_id`, `to_user_id`, `body`, `created_at`) VALUES ('65', '100', '22', 'Iusto et et quod sed. Vel delectus qui occaecati laborum. Quo excepturi aut molestiae ratione.', '1970-10-06 05:53:27');
INSERT INTO `messages` (`id`, `from_user_id`, `to_user_id`, `body`, `created_at`) VALUES ('66', '48', '38', 'Hic delectus sapiente enim perferendis mollitia aliquam possimus. Eum quos suscipit maxime quas et. Vitae fuga aut sapiente. Commodi voluptates autem ut.', '2015-02-12 00:31:42');
INSERT INTO `messages` (`id`, `from_user_id`, `to_user_id`, `body`, `created_at`) VALUES ('67', '91', '86', 'Sit est distinctio reiciendis aliquid fuga aliquam qui. Qui sint dolorem blanditiis sit repellendus. A quisquam repudiandae veritatis tenetur. Aut molestias aspernatur labore et temporibus.', '2019-03-08 06:55:42');
INSERT INTO `messages` (`id`, `from_user_id`, `to_user_id`, `body`, `created_at`) VALUES ('68', '79', '64', 'Voluptatem qui ut voluptatem consequatur inventore. A nobis eveniet officiis omnis fugiat cupiditate non itaque. Aut sed nulla quia voluptatem ipsum. Ipsa non commodi sapiente sunt dolor.', '2007-12-09 10:26:35');
INSERT INTO `messages` (`id`, `from_user_id`, `to_user_id`, `body`, `created_at`) VALUES ('69', '8', '57', 'Sunt eum et omnis eaque. In sunt inventore assumenda illo. Aperiam aliquid et dolorem omnis ut.', '2006-10-24 03:00:44');
INSERT INTO `messages` (`id`, `from_user_id`, `to_user_id`, `body`, `created_at`) VALUES ('70', '64', '34', 'Voluptates ullam dolorem ut fugiat dolores quia repudiandae. Minus in asperiores dignissimos fugiat porro et ipsam. Consequuntur in sit ut eum architecto aut ullam. Voluptatem animi repellendus rerum quam illo pariatur.', '1974-10-07 12:22:41');
INSERT INTO `messages` (`id`, `from_user_id`, `to_user_id`, `body`, `created_at`) VALUES ('71', '18', '13', 'Distinctio molestiae omnis et voluptas ab quas est est. Deserunt culpa et atque. Totam omnis dolorem et non.', '1981-08-27 10:01:39');
INSERT INTO `messages` (`id`, `from_user_id`, `to_user_id`, `body`, `created_at`) VALUES ('72', '56', '64', 'Sit voluptas qui soluta distinctio qui perspiciatis. Sit autem esse quia odit nisi magni ipsum. Voluptate eum soluta veritatis cupiditate non cum similique. Ipsam quod commodi totam rerum magnam.', '2003-07-02 17:02:53');
INSERT INTO `messages` (`id`, `from_user_id`, `to_user_id`, `body`, `created_at`) VALUES ('73', '45', '84', 'Tempore mollitia unde nihil dolor ut. Totam rem eaque iste aliquam sint ipsam. Doloribus voluptatem aut et fuga ad. A vero perferendis suscipit voluptates dolor ad.', '1992-06-20 04:05:50');
INSERT INTO `messages` (`id`, `from_user_id`, `to_user_id`, `body`, `created_at`) VALUES ('74', '12', '61', 'Aut id labore perspiciatis ut eaque laudantium temporibus quis. Eum animi et qui ad et aut explicabo. Rem enim provident rem excepturi. Maxime dolorum nostrum atque cum.', '2013-09-08 13:16:19');
INSERT INTO `messages` (`id`, `from_user_id`, `to_user_id`, `body`, `created_at`) VALUES ('75', '27', '20', 'Eum nihil maxime reprehenderit dolores consequatur. Culpa recusandae sed molestiae et aperiam minus in. Officia incidunt voluptatem enim aliquid dolor.', '1979-01-26 03:18:41');
INSERT INTO `messages` (`id`, `from_user_id`, `to_user_id`, `body`, `created_at`) VALUES ('76', '60', '2', 'Quo id ut sed doloremque modi ut. Assumenda laborum ut quis. Architecto nesciunt autem sed officiis ipsum aut. Natus harum aperiam optio non ut magnam. Alias consequuntur voluptatem expedita qui.', '1993-11-05 19:11:06');
INSERT INTO `messages` (`id`, `from_user_id`, `to_user_id`, `body`, `created_at`) VALUES ('77', '26', '55', 'Vel itaque neque dolor natus. Dicta et ut eligendi est. Cumque mollitia aliquam nisi vitae.', '2009-08-28 18:59:57');
INSERT INTO `messages` (`id`, `from_user_id`, `to_user_id`, `body`, `created_at`) VALUES ('78', '34', '6', 'Animi laboriosam in voluptatem quibusdam labore et corrupti. Ut dolores non voluptatem eum voluptas. Reprehenderit aut distinctio soluta sunt non rerum. Dolore quia nihil veritatis nemo beatae.', '1972-06-26 06:36:54');
INSERT INTO `messages` (`id`, `from_user_id`, `to_user_id`, `body`, `created_at`) VALUES ('79', '59', '78', 'Quidem maxime quia provident at atque dicta doloribus nisi. Dolores ipsa magni consequuntur qui enim et sequi veniam.', '2014-09-30 01:25:16');
INSERT INTO `messages` (`id`, `from_user_id`, `to_user_id`, `body`, `created_at`) VALUES ('80', '80', '58', 'Doloremque excepturi iure et. Voluptate temporibus nobis voluptatum velit voluptatem quidem consequatur. Animi sapiente accusantium corporis deleniti consequuntur doloribus.', '2011-09-05 14:50:07');
INSERT INTO `messages` (`id`, `from_user_id`, `to_user_id`, `body`, `created_at`) VALUES ('81', '100', '28', 'Sed soluta omnis maiores in. Adipisci facere ipsam eos cum odio vel rerum. Quod et vel et quibusdam consequuntur quia.', '2005-12-16 00:00:49');
INSERT INTO `messages` (`id`, `from_user_id`, `to_user_id`, `body`, `created_at`) VALUES ('82', '96', '90', 'Id ipsa atque molestias minima quo. Eos nam vel quia nostrum. Accusamus omnis qui sit accusantium et rerum. Aut laborum sint ut enim veniam iste.', '1979-02-04 07:15:51');
INSERT INTO `messages` (`id`, `from_user_id`, `to_user_id`, `body`, `created_at`) VALUES ('83', '13', '74', 'Ut qui qui sapiente totam expedita qui. Repellat omnis qui neque quae excepturi enim corporis. Accusamus ratione aut in modi explicabo aliquid quos. Accusantium quo quisquam amet corporis.', '1976-01-27 02:47:39');
INSERT INTO `messages` (`id`, `from_user_id`, `to_user_id`, `body`, `created_at`) VALUES ('84', '54', '21', 'Enim ab omnis doloribus provident fuga omnis provident. Mollitia impedit id dignissimos libero a itaque. Illo odit facilis et facere est fugiat et esse. Qui assumenda sed non culpa et et at.', '1974-06-14 05:54:20');
INSERT INTO `messages` (`id`, `from_user_id`, `to_user_id`, `body`, `created_at`) VALUES ('85', '31', '18', 'Repellat recusandae nihil quasi autem qui tempora esse. Asperiores error placeat quaerat ullam ipsum voluptas voluptas. Accusantium omnis in est temporibus aperiam.', '1987-09-05 14:14:47');
INSERT INTO `messages` (`id`, `from_user_id`, `to_user_id`, `body`, `created_at`) VALUES ('86', '54', '49', 'Molestias enim est harum ratione iure voluptatem rerum. Non consectetur quia et labore. Quod ad ex pariatur accusantium deleniti ab et impedit. Officia impedit esse debitis voluptatem unde saepe ipsa. Ducimus voluptas ipsum qui.', '1993-05-18 11:27:43');
INSERT INTO `messages` (`id`, `from_user_id`, `to_user_id`, `body`, `created_at`) VALUES ('87', '30', '10', 'Nihil mollitia corrupti blanditiis reprehenderit cum. Sunt sunt et aut repellendus quo earum. Et cum minima corrupti blanditiis sit.', '1996-04-26 15:31:04');
INSERT INTO `messages` (`id`, `from_user_id`, `to_user_id`, `body`, `created_at`) VALUES ('88', '12', '75', 'Dolor sapiente ipsa facilis sit. Mollitia voluptas temporibus reprehenderit totam magni. Molestiae labore eos ad. Ratione vel voluptas quod molestiae voluptas sit. Labore deserunt voluptate necessitatibus maxime provident est in.', '1996-02-27 18:19:04');
INSERT INTO `messages` (`id`, `from_user_id`, `to_user_id`, `body`, `created_at`) VALUES ('89', '93', '24', 'Omnis sed eum maiores minus dicta ratione illo. Quibusdam perspiciatis quo blanditiis. Consequatur ad et voluptatum eius et.', '2016-02-24 23:39:48');
INSERT INTO `messages` (`id`, `from_user_id`, `to_user_id`, `body`, `created_at`) VALUES ('90', '35', '20', 'Ipsam officia nisi quaerat quibusdam voluptatibus. Voluptas optio repellat nobis. In ab nisi voluptates voluptatem omnis officia. Mollitia animi aliquid aut. Quia ea aperiam voluptatem unde ut ut est consequuntur.', '1973-05-27 08:23:05');
INSERT INTO `messages` (`id`, `from_user_id`, `to_user_id`, `body`, `created_at`) VALUES ('91', '43', '95', 'Quae atque ratione ipsa dolor in atque. Sit illum molestiae natus aut quos consequatur ut. Deserunt eum eveniet eveniet distinctio.', '2010-04-30 07:23:30');
INSERT INTO `messages` (`id`, `from_user_id`, `to_user_id`, `body`, `created_at`) VALUES ('92', '21', '68', 'Sequi est qui ex praesentium ut totam dolores. Labore velit cupiditate consequuntur omnis dolore eligendi aut. Dolores nesciunt quo rerum reprehenderit assumenda.', '2014-07-21 21:04:07');
INSERT INTO `messages` (`id`, `from_user_id`, `to_user_id`, `body`, `created_at`) VALUES ('93', '49', '55', 'Sequi iusto minima ipsam dolore voluptatem modi enim. Ipsam omnis iste dolor eos alias. Voluptatibus dolore provident tenetur accusamus dolores fuga. Est corrupti ut magni non numquam.', '1990-09-05 18:13:56');
INSERT INTO `messages` (`id`, `from_user_id`, `to_user_id`, `body`, `created_at`) VALUES ('94', '74', '7', 'Occaecati dolorem reiciendis aut at accusantium amet laborum. Ullam nemo pariatur fuga molestiae consequatur voluptatum. Accusantium fugiat aut ducimus delectus mollitia.', '2004-12-17 13:22:22');
INSERT INTO `messages` (`id`, `from_user_id`, `to_user_id`, `body`, `created_at`) VALUES ('95', '33', '53', 'Dolorem labore blanditiis est culpa natus. Laudantium ut qui facilis exercitationem pariatur. Molestias officiis tempora quia saepe impedit nisi ratione et. In et aspernatur et consequatur occaecati.', '2003-08-18 11:17:36');
INSERT INTO `messages` (`id`, `from_user_id`, `to_user_id`, `body`, `created_at`) VALUES ('96', '65', '32', 'Quibusdam in ut temporibus unde non ipsum consequatur. Qui doloribus ducimus voluptatem nemo. Qui quae odio culpa sunt.', '1997-05-08 02:28:17');
INSERT INTO `messages` (`id`, `from_user_id`, `to_user_id`, `body`, `created_at`) VALUES ('97', '80', '60', 'Quis ut eveniet rerum autem eligendi. Sit est non possimus hic temporibus fugit. Consectetur laboriosam dolore omnis distinctio. Libero sed molestias quia nisi.', '1984-08-13 12:32:59');
INSERT INTO `messages` (`id`, `from_user_id`, `to_user_id`, `body`, `created_at`) VALUES ('98', '22', '93', 'Voluptatem sunt omnis voluptas at earum deserunt tenetur et. Nostrum quia quaerat ut odio quos dicta laudantium perferendis. Culpa quia voluptas est et eius fuga.', '1972-04-04 18:55:06');
INSERT INTO `messages` (`id`, `from_user_id`, `to_user_id`, `body`, `created_at`) VALUES ('99', '34', '75', 'Illo eaque distinctio modi error qui velit eius. In ut ab rerum eius voluptate corrupti minima. Nam quis fuga error saepe omnis incidunt quos ipsam. Vel est aut nemo aut consequatur illum.', '2007-07-31 18:03:11');
INSERT INTO `messages` (`id`, `from_user_id`, `to_user_id`, `body`, `created_at`) VALUES ('100', '13', '64', 'Optio sapiente et rem cumque. Voluptas amet odio autem esse sed consectetur eos. Illo sint quod esse et similique eveniet necessitatibus aut.', '1985-04-07 12:19:34');


#
# TABLE STRUCTURE FOR: photo_albums
#

DROP TABLE IF EXISTS `photo_albums`;

CREATE TABLE `photo_albums` (
  `id` bigint(20) unsigned NOT NULL AUTO_INCREMENT,
  `name` varchar(255) COLLATE utf8mb4_unicode_ci DEFAULT NULL,
  `user_id` bigint(20) unsigned DEFAULT NULL,
  PRIMARY KEY (`id`),
  UNIQUE KEY `id` (`id`),
  KEY `user_id` (`user_id`),
  CONSTRAINT `photo_albums_ibfk_1` FOREIGN KEY (`user_id`) REFERENCES `users` (`id`) ON DELETE SET NULL ON UPDATE CASCADE
) ENGINE=InnoDB AUTO_INCREMENT=101 DEFAULT CHARSET=utf8mb4 COLLATE=utf8mb4_unicode_ci;

INSERT INTO `photo_albums` (`id`, `name`, `user_id`) VALUES ('1', 'eligendi', '1');
INSERT INTO `photo_albums` (`id`, `name`, `user_id`) VALUES ('2', 'quam', '2');
INSERT INTO `photo_albums` (`id`, `name`, `user_id`) VALUES ('3', 'sit', '3');
INSERT INTO `photo_albums` (`id`, `name`, `user_id`) VALUES ('4', 'et', '4');
INSERT INTO `photo_albums` (`id`, `name`, `user_id`) VALUES ('5', 'illo', '5');
INSERT INTO `photo_albums` (`id`, `name`, `user_id`) VALUES ('6', 'fugit', '6');
INSERT INTO `photo_albums` (`id`, `name`, `user_id`) VALUES ('7', 'doloremque', '7');
INSERT INTO `photo_albums` (`id`, `name`, `user_id`) VALUES ('8', 'doloribus', '8');
INSERT INTO `photo_albums` (`id`, `name`, `user_id`) VALUES ('9', 'omnis', '9');
INSERT INTO `photo_albums` (`id`, `name`, `user_id`) VALUES ('10', 'magni', '10');
INSERT INTO `photo_albums` (`id`, `name`, `user_id`) VALUES ('11', 'repudiandae', '11');
INSERT INTO `photo_albums` (`id`, `name`, `user_id`) VALUES ('12', 'necessitatibus', '12');
INSERT INTO `photo_albums` (`id`, `name`, `user_id`) VALUES ('13', 'et', '13');
INSERT INTO `photo_albums` (`id`, `name`, `user_id`) VALUES ('14', 'vel', '14');
INSERT INTO `photo_albums` (`id`, `name`, `user_id`) VALUES ('15', 'voluptatem', '15');
INSERT INTO `photo_albums` (`id`, `name`, `user_id`) VALUES ('16', 'explicabo', '16');
INSERT INTO `photo_albums` (`id`, `name`, `user_id`) VALUES ('17', 'asperiores', '17');
INSERT INTO `photo_albums` (`id`, `name`, `user_id`) VALUES ('18', 'aut', '18');
INSERT INTO `photo_albums` (`id`, `name`, `user_id`) VALUES ('19', 'velit', '19');
INSERT INTO `photo_albums` (`id`, `name`, `user_id`) VALUES ('20', 'autem', '20');
INSERT INTO `photo_albums` (`id`, `name`, `user_id`) VALUES ('21', 'facere', '21');
INSERT INTO `photo_albums` (`id`, `name`, `user_id`) VALUES ('22', 'quis', '22');
INSERT INTO `photo_albums` (`id`, `name`, `user_id`) VALUES ('23', 'quis', '23');
INSERT INTO `photo_albums` (`id`, `name`, `user_id`) VALUES ('24', 'sint', '24');
INSERT INTO `photo_albums` (`id`, `name`, `user_id`) VALUES ('25', 'sed', '25');
INSERT INTO `photo_albums` (`id`, `name`, `user_id`) VALUES ('26', 'vitae', '26');
INSERT INTO `photo_albums` (`id`, `name`, `user_id`) VALUES ('27', 'vel', '27');
INSERT INTO `photo_albums` (`id`, `name`, `user_id`) VALUES ('28', 'sequi', '28');
INSERT INTO `photo_albums` (`id`, `name`, `user_id`) VALUES ('29', 'non', '29');
INSERT INTO `photo_albums` (`id`, `name`, `user_id`) VALUES ('30', 'et', '30');
INSERT INTO `photo_albums` (`id`, `name`, `user_id`) VALUES ('31', 'dolorem', '31');
INSERT INTO `photo_albums` (`id`, `name`, `user_id`) VALUES ('32', 'incidunt', '32');
INSERT INTO `photo_albums` (`id`, `name`, `user_id`) VALUES ('33', 'id', '33');
INSERT INTO `photo_albums` (`id`, `name`, `user_id`) VALUES ('34', 'facere', '34');
INSERT INTO `photo_albums` (`id`, `name`, `user_id`) VALUES ('35', 'ipsa', '35');
INSERT INTO `photo_albums` (`id`, `name`, `user_id`) VALUES ('36', 'quasi', '36');
INSERT INTO `photo_albums` (`id`, `name`, `user_id`) VALUES ('37', 'voluptate', '37');
INSERT INTO `photo_albums` (`id`, `name`, `user_id`) VALUES ('38', 'assumenda', '38');
INSERT INTO `photo_albums` (`id`, `name`, `user_id`) VALUES ('39', 'distinctio', '39');
INSERT INTO `photo_albums` (`id`, `name`, `user_id`) VALUES ('40', 'quia', '40');
INSERT INTO `photo_albums` (`id`, `name`, `user_id`) VALUES ('41', 'enim', '41');
INSERT INTO `photo_albums` (`id`, `name`, `user_id`) VALUES ('42', 'nihil', '42');
INSERT INTO `photo_albums` (`id`, `name`, `user_id`) VALUES ('43', 'odit', '43');
INSERT INTO `photo_albums` (`id`, `name`, `user_id`) VALUES ('44', 'vitae', '44');
INSERT INTO `photo_albums` (`id`, `name`, `user_id`) VALUES ('45', 'id', '45');
INSERT INTO `photo_albums` (`id`, `name`, `user_id`) VALUES ('46', 'voluptates', '46');
INSERT INTO `photo_albums` (`id`, `name`, `user_id`) VALUES ('47', 'dolor', '47');
INSERT INTO `photo_albums` (`id`, `name`, `user_id`) VALUES ('48', 'reprehenderit', '48');
INSERT INTO `photo_albums` (`id`, `name`, `user_id`) VALUES ('49', 'dolor', '49');
INSERT INTO `photo_albums` (`id`, `name`, `user_id`) VALUES ('50', 'soluta', '50');
INSERT INTO `photo_albums` (`id`, `name`, `user_id`) VALUES ('51', 'modi', '51');
INSERT INTO `photo_albums` (`id`, `name`, `user_id`) VALUES ('52', 'alias', '52');
INSERT INTO `photo_albums` (`id`, `name`, `user_id`) VALUES ('53', 'officia', '53');
INSERT INTO `photo_albums` (`id`, `name`, `user_id`) VALUES ('54', 'non', '54');
INSERT INTO `photo_albums` (`id`, `name`, `user_id`) VALUES ('55', 'eius', '55');
INSERT INTO `photo_albums` (`id`, `name`, `user_id`) VALUES ('56', 'nesciunt', '56');
INSERT INTO `photo_albums` (`id`, `name`, `user_id`) VALUES ('57', 'et', '57');
INSERT INTO `photo_albums` (`id`, `name`, `user_id`) VALUES ('58', 'et', '58');
INSERT INTO `photo_albums` (`id`, `name`, `user_id`) VALUES ('59', 'rerum', '59');
INSERT INTO `photo_albums` (`id`, `name`, `user_id`) VALUES ('60', 'voluptas', '60');
INSERT INTO `photo_albums` (`id`, `name`, `user_id`) VALUES ('61', 'et', '61');
INSERT INTO `photo_albums` (`id`, `name`, `user_id`) VALUES ('62', 'sunt', '62');
INSERT INTO `photo_albums` (`id`, `name`, `user_id`) VALUES ('63', 'nobis', '63');
INSERT INTO `photo_albums` (`id`, `name`, `user_id`) VALUES ('64', 'id', '64');
INSERT INTO `photo_albums` (`id`, `name`, `user_id`) VALUES ('65', 'iure', '65');
INSERT INTO `photo_albums` (`id`, `name`, `user_id`) VALUES ('66', 'sint', '66');
INSERT INTO `photo_albums` (`id`, `name`, `user_id`) VALUES ('67', 'ratione', '67');
INSERT INTO `photo_albums` (`id`, `name`, `user_id`) VALUES ('68', 'sit', '68');
INSERT INTO `photo_albums` (`id`, `name`, `user_id`) VALUES ('69', 'aut', '69');
INSERT INTO `photo_albums` (`id`, `name`, `user_id`) VALUES ('70', 'dolores', '70');
INSERT INTO `photo_albums` (`id`, `name`, `user_id`) VALUES ('71', 'quibusdam', '71');
INSERT INTO `photo_albums` (`id`, `name`, `user_id`) VALUES ('72', 'et', '72');
INSERT INTO `photo_albums` (`id`, `name`, `user_id`) VALUES ('73', 'placeat', '73');
INSERT INTO `photo_albums` (`id`, `name`, `user_id`) VALUES ('74', 'ut', '74');
INSERT INTO `photo_albums` (`id`, `name`, `user_id`) VALUES ('75', 'et', '75');
INSERT INTO `photo_albums` (`id`, `name`, `user_id`) VALUES ('76', 'a', '76');
INSERT INTO `photo_albums` (`id`, `name`, `user_id`) VALUES ('77', 'aut', '77');
INSERT INTO `photo_albums` (`id`, `name`, `user_id`) VALUES ('78', 'et', '78');
INSERT INTO `photo_albums` (`id`, `name`, `user_id`) VALUES ('79', 'provident', '79');
INSERT INTO `photo_albums` (`id`, `name`, `user_id`) VALUES ('80', 'dolor', '80');
INSERT INTO `photo_albums` (`id`, `name`, `user_id`) VALUES ('81', 'possimus', '81');
INSERT INTO `photo_albums` (`id`, `name`, `user_id`) VALUES ('82', 'tempore', '82');
INSERT INTO `photo_albums` (`id`, `name`, `user_id`) VALUES ('83', 'velit', '83');
INSERT INTO `photo_albums` (`id`, `name`, `user_id`) VALUES ('84', 'ipsum', '84');
INSERT INTO `photo_albums` (`id`, `name`, `user_id`) VALUES ('85', 'fuga', '85');
INSERT INTO `photo_albums` (`id`, `name`, `user_id`) VALUES ('86', 'quos', '86');
INSERT INTO `photo_albums` (`id`, `name`, `user_id`) VALUES ('87', 'laudantium', '87');
INSERT INTO `photo_albums` (`id`, `name`, `user_id`) VALUES ('88', 'quos', '88');
INSERT INTO `photo_albums` (`id`, `name`, `user_id`) VALUES ('89', 'rem', '89');
INSERT INTO `photo_albums` (`id`, `name`, `user_id`) VALUES ('90', 'eos', '90');
INSERT INTO `photo_albums` (`id`, `name`, `user_id`) VALUES ('91', 'explicabo', '91');
INSERT INTO `photo_albums` (`id`, `name`, `user_id`) VALUES ('92', 'fugiat', '92');
INSERT INTO `photo_albums` (`id`, `name`, `user_id`) VALUES ('93', 'velit', '93');
INSERT INTO `photo_albums` (`id`, `name`, `user_id`) VALUES ('94', 'assumenda', '94');
INSERT INTO `photo_albums` (`id`, `name`, `user_id`) VALUES ('95', 'sed', '95');
INSERT INTO `photo_albums` (`id`, `name`, `user_id`) VALUES ('96', 'et', '96');
INSERT INTO `photo_albums` (`id`, `name`, `user_id`) VALUES ('97', 'qui', '97');
INSERT INTO `photo_albums` (`id`, `name`, `user_id`) VALUES ('98', 'consequatur', '98');
INSERT INTO `photo_albums` (`id`, `name`, `user_id`) VALUES ('99', 'laborum', '99');
INSERT INTO `photo_albums` (`id`, `name`, `user_id`) VALUES ('100', 'cum', '100');


#
# TABLE STRUCTURE FOR: photos
#

DROP TABLE IF EXISTS `photos`;

CREATE TABLE `photos` (
  `id` bigint(20) unsigned NOT NULL AUTO_INCREMENT,
  `album_id` bigint(20) unsigned NOT NULL,
  `media_id` bigint(20) unsigned NOT NULL,
  PRIMARY KEY (`id`),
  KEY `album_id` (`album_id`),
  KEY `media_id` (`media_id`),
  CONSTRAINT `photos_ibfk_1` FOREIGN KEY (`album_id`) REFERENCES `photo_albums` (`id`) ON DELETE CASCADE ON UPDATE CASCADE,
  CONSTRAINT `photos_ibfk_2` FOREIGN KEY (`media_id`) REFERENCES `media` (`id`) ON DELETE CASCADE ON UPDATE CASCADE
) ENGINE=InnoDB AUTO_INCREMENT=101 DEFAULT CHARSET=utf8mb4 COLLATE=utf8mb4_unicode_ci;

INSERT INTO `photos` (`id`, `album_id`, `media_id`) VALUES ('1', '30', '68');
INSERT INTO `photos` (`id`, `album_id`, `media_id`) VALUES ('2', '21', '4');
INSERT INTO `photos` (`id`, `album_id`, `media_id`) VALUES ('3', '78', '4');
INSERT INTO `photos` (`id`, `album_id`, `media_id`) VALUES ('4', '30', '86');
INSERT INTO `photos` (`id`, `album_id`, `media_id`) VALUES ('5', '22', '45');
INSERT INTO `photos` (`id`, `album_id`, `media_id`) VALUES ('6', '92', '8');
INSERT INTO `photos` (`id`, `album_id`, `media_id`) VALUES ('7', '58', '27');
INSERT INTO `photos` (`id`, `album_id`, `media_id`) VALUES ('8', '76', '70');
INSERT INTO `photos` (`id`, `album_id`, `media_id`) VALUES ('9', '85', '35');
INSERT INTO `photos` (`id`, `album_id`, `media_id`) VALUES ('10', '26', '94');
INSERT INTO `photos` (`id`, `album_id`, `media_id`) VALUES ('11', '74', '84');
INSERT INTO `photos` (`id`, `album_id`, `media_id`) VALUES ('12', '96', '30');
INSERT INTO `photos` (`id`, `album_id`, `media_id`) VALUES ('13', '2', '42');
INSERT INTO `photos` (`id`, `album_id`, `media_id`) VALUES ('14', '36', '37');
INSERT INTO `photos` (`id`, `album_id`, `media_id`) VALUES ('15', '72', '42');
INSERT INTO `photos` (`id`, `album_id`, `media_id`) VALUES ('16', '25', '1');
INSERT INTO `photos` (`id`, `album_id`, `media_id`) VALUES ('17', '9', '46');
INSERT INTO `photos` (`id`, `album_id`, `media_id`) VALUES ('18', '5', '87');
INSERT INTO `photos` (`id`, `album_id`, `media_id`) VALUES ('19', '49', '35');
INSERT INTO `photos` (`id`, `album_id`, `media_id`) VALUES ('20', '73', '71');
INSERT INTO `photos` (`id`, `album_id`, `media_id`) VALUES ('21', '80', '64');
INSERT INTO `photos` (`id`, `album_id`, `media_id`) VALUES ('22', '79', '37');
INSERT INTO `photos` (`id`, `album_id`, `media_id`) VALUES ('23', '91', '55');
INSERT INTO `photos` (`id`, `album_id`, `media_id`) VALUES ('24', '6', '76');
INSERT INTO `photos` (`id`, `album_id`, `media_id`) VALUES ('25', '89', '32');
INSERT INTO `photos` (`id`, `album_id`, `media_id`) VALUES ('26', '69', '63');
INSERT INTO `photos` (`id`, `album_id`, `media_id`) VALUES ('27', '16', '65');
INSERT INTO `photos` (`id`, `album_id`, `media_id`) VALUES ('28', '93', '17');
INSERT INTO `photos` (`id`, `album_id`, `media_id`) VALUES ('29', '6', '29');
INSERT INTO `photos` (`id`, `album_id`, `media_id`) VALUES ('30', '54', '78');
INSERT INTO `photos` (`id`, `album_id`, `media_id`) VALUES ('31', '70', '79');
INSERT INTO `photos` (`id`, `album_id`, `media_id`) VALUES ('32', '79', '78');
INSERT INTO `photos` (`id`, `album_id`, `media_id`) VALUES ('33', '24', '84');
INSERT INTO `photos` (`id`, `album_id`, `media_id`) VALUES ('34', '65', '73');
INSERT INTO `photos` (`id`, `album_id`, `media_id`) VALUES ('35', '18', '38');
INSERT INTO `photos` (`id`, `album_id`, `media_id`) VALUES ('36', '43', '97');
INSERT INTO `photos` (`id`, `album_id`, `media_id`) VALUES ('37', '2', '22');
INSERT INTO `photos` (`id`, `album_id`, `media_id`) VALUES ('38', '33', '92');
INSERT INTO `photos` (`id`, `album_id`, `media_id`) VALUES ('39', '76', '39');
INSERT INTO `photos` (`id`, `album_id`, `media_id`) VALUES ('40', '68', '65');
INSERT INTO `photos` (`id`, `album_id`, `media_id`) VALUES ('41', '71', '37');
INSERT INTO `photos` (`id`, `album_id`, `media_id`) VALUES ('42', '27', '87');
INSERT INTO `photos` (`id`, `album_id`, `media_id`) VALUES ('43', '1', '20');
INSERT INTO `photos` (`id`, `album_id`, `media_id`) VALUES ('44', '3', '7');
INSERT INTO `photos` (`id`, `album_id`, `media_id`) VALUES ('45', '48', '57');
INSERT INTO `photos` (`id`, `album_id`, `media_id`) VALUES ('46', '85', '18');
INSERT INTO `photos` (`id`, `album_id`, `media_id`) VALUES ('47', '35', '63');
INSERT INTO `photos` (`id`, `album_id`, `media_id`) VALUES ('48', '96', '59');
INSERT INTO `photos` (`id`, `album_id`, `media_id`) VALUES ('49', '46', '60');
INSERT INTO `photos` (`id`, `album_id`, `media_id`) VALUES ('50', '31', '63');
INSERT INTO `photos` (`id`, `album_id`, `media_id`) VALUES ('51', '98', '74');
INSERT INTO `photos` (`id`, `album_id`, `media_id`) VALUES ('52', '60', '99');
INSERT INTO `photos` (`id`, `album_id`, `media_id`) VALUES ('53', '95', '92');
INSERT INTO `photos` (`id`, `album_id`, `media_id`) VALUES ('54', '91', '70');
INSERT INTO `photos` (`id`, `album_id`, `media_id`) VALUES ('55', '31', '58');
INSERT INTO `photos` (`id`, `album_id`, `media_id`) VALUES ('56', '34', '1');
INSERT INTO `photos` (`id`, `album_id`, `media_id`) VALUES ('57', '94', '61');
INSERT INTO `photos` (`id`, `album_id`, `media_id`) VALUES ('58', '87', '95');
INSERT INTO `photos` (`id`, `album_id`, `media_id`) VALUES ('59', '81', '90');
INSERT INTO `photos` (`id`, `album_id`, `media_id`) VALUES ('60', '2', '29');
INSERT INTO `photos` (`id`, `album_id`, `media_id`) VALUES ('61', '47', '86');
INSERT INTO `photos` (`id`, `album_id`, `media_id`) VALUES ('62', '46', '81');
INSERT INTO `photos` (`id`, `album_id`, `media_id`) VALUES ('63', '49', '41');
INSERT INTO `photos` (`id`, `album_id`, `media_id`) VALUES ('64', '40', '94');
INSERT INTO `photos` (`id`, `album_id`, `media_id`) VALUES ('65', '1', '70');
INSERT INTO `photos` (`id`, `album_id`, `media_id`) VALUES ('66', '57', '98');
INSERT INTO `photos` (`id`, `album_id`, `media_id`) VALUES ('67', '43', '16');
INSERT INTO `photos` (`id`, `album_id`, `media_id`) VALUES ('68', '96', '38');
INSERT INTO `photos` (`id`, `album_id`, `media_id`) VALUES ('69', '8', '86');
INSERT INTO `photos` (`id`, `album_id`, `media_id`) VALUES ('70', '8', '38');
INSERT INTO `photos` (`id`, `album_id`, `media_id`) VALUES ('71', '44', '42');
INSERT INTO `photos` (`id`, `album_id`, `media_id`) VALUES ('72', '38', '37');
INSERT INTO `photos` (`id`, `album_id`, `media_id`) VALUES ('73', '2', '25');
INSERT INTO `photos` (`id`, `album_id`, `media_id`) VALUES ('74', '32', '83');
INSERT INTO `photos` (`id`, `album_id`, `media_id`) VALUES ('75', '14', '33');
INSERT INTO `photos` (`id`, `album_id`, `media_id`) VALUES ('76', '11', '61');
INSERT INTO `photos` (`id`, `album_id`, `media_id`) VALUES ('77', '19', '57');
INSERT INTO `photos` (`id`, `album_id`, `media_id`) VALUES ('78', '41', '67');
INSERT INTO `photos` (`id`, `album_id`, `media_id`) VALUES ('79', '97', '80');
INSERT INTO `photos` (`id`, `album_id`, `media_id`) VALUES ('80', '60', '97');
INSERT INTO `photos` (`id`, `album_id`, `media_id`) VALUES ('81', '50', '17');
INSERT INTO `photos` (`id`, `album_id`, `media_id`) VALUES ('82', '94', '93');
INSERT INTO `photos` (`id`, `album_id`, `media_id`) VALUES ('83', '32', '90');
INSERT INTO `photos` (`id`, `album_id`, `media_id`) VALUES ('84', '30', '39');
INSERT INTO `photos` (`id`, `album_id`, `media_id`) VALUES ('85', '76', '38');
INSERT INTO `photos` (`id`, `album_id`, `media_id`) VALUES ('86', '76', '19');
INSERT INTO `photos` (`id`, `album_id`, `media_id`) VALUES ('87', '79', '14');
INSERT INTO `photos` (`id`, `album_id`, `media_id`) VALUES ('88', '56', '81');
INSERT INTO `photos` (`id`, `album_id`, `media_id`) VALUES ('89', '38', '87');
INSERT INTO `photos` (`id`, `album_id`, `media_id`) VALUES ('90', '63', '52');
INSERT INTO `photos` (`id`, `album_id`, `media_id`) VALUES ('91', '19', '74');
INSERT INTO `photos` (`id`, `album_id`, `media_id`) VALUES ('92', '12', '37');
INSERT INTO `photos` (`id`, `album_id`, `media_id`) VALUES ('93', '30', '53');
INSERT INTO `photos` (`id`, `album_id`, `media_id`) VALUES ('94', '4', '26');
INSERT INTO `photos` (`id`, `album_id`, `media_id`) VALUES ('95', '33', '63');
INSERT INTO `photos` (`id`, `album_id`, `media_id`) VALUES ('96', '23', '82');
INSERT INTO `photos` (`id`, `album_id`, `media_id`) VALUES ('97', '80', '17');
INSERT INTO `photos` (`id`, `album_id`, `media_id`) VALUES ('98', '75', '11');
INSERT INTO `photos` (`id`, `album_id`, `media_id`) VALUES ('99', '6', '5');
INSERT INTO `photos` (`id`, `album_id`, `media_id`) VALUES ('100', '50', '82');


#
# TABLE STRUCTURE FOR: profiles
#

DROP TABLE IF EXISTS `profiles`;

CREATE TABLE `profiles` (
  `user_id` bigint(20) unsigned NOT NULL AUTO_INCREMENT,
  `gender` char(1) COLLATE utf8mb4_unicode_ci DEFAULT NULL,
  `birthday` date DEFAULT NULL,
  `photo_id` bigint(20) unsigned DEFAULT NULL,
  `created_at` datetime DEFAULT current_timestamp(),
  `hometown` varchar(100) COLLATE utf8mb4_unicode_ci DEFAULT NULL,
  PRIMARY KEY (`user_id`),
  KEY `fk_photo_id` (`photo_id`),
  CONSTRAINT `fk_photo_id` FOREIGN KEY (`photo_id`) REFERENCES `photos` (`id`) ON DELETE SET NULL ON UPDATE CASCADE,
  CONSTRAINT `fk_user_id` FOREIGN KEY (`user_id`) REFERENCES `users` (`id`) ON DELETE CASCADE ON UPDATE CASCADE
) ENGINE=InnoDB AUTO_INCREMENT=101 DEFAULT CHARSET=utf8mb4 COLLATE=utf8mb4_unicode_ci;

INSERT INTO `profiles` (`user_id`, `gender`, `birthday`, `photo_id`, `created_at`, `hometown`) VALUES ('1', 'm', '1983-08-15', '1', '2005-12-26 10:33:21', 'Port Faybury');
INSERT INTO `profiles` (`user_id`, `gender`, `birthday`, `photo_id`, `created_at`, `hometown`) VALUES ('2', 'm', '2006-02-18', '2', '1996-03-11 20:12:51', 'Tillmanstad');
INSERT INTO `profiles` (`user_id`, `gender`, `birthday`, `photo_id`, `created_at`, `hometown`) VALUES ('3', 'f', '1996-01-06', '3', '1974-04-26 04:36:19', 'Lake Tanyaland');
INSERT INTO `profiles` (`user_id`, `gender`, `birthday`, `photo_id`, `created_at`, `hometown`) VALUES ('4', 'f', '1993-08-09', '4', '2003-11-08 20:06:01', 'New Alexzander');
INSERT INTO `profiles` (`user_id`, `gender`, `birthday`, `photo_id`, `created_at`, `hometown`) VALUES ('5', 'f', '1974-12-23', '5', '1998-12-13 21:51:12', 'Stantonmouth');
INSERT INTO `profiles` (`user_id`, `gender`, `birthday`, `photo_id`, `created_at`, `hometown`) VALUES ('6', 'f', '2017-11-18', '6', '2016-12-11 09:28:38', 'South Aureliabury');
INSERT INTO `profiles` (`user_id`, `gender`, `birthday`, `photo_id`, `created_at`, `hometown`) VALUES ('7', 'f', '2012-06-03', '7', '2005-05-11 23:46:24', 'Marcelinashire');
INSERT INTO `profiles` (`user_id`, `gender`, `birthday`, `photo_id`, `created_at`, `hometown`) VALUES ('8', 'f', '1979-05-16', '8', '1993-08-20 06:51:08', 'South Elliotview');
INSERT INTO `profiles` (`user_id`, `gender`, `birthday`, `photo_id`, `created_at`, `hometown`) VALUES ('9', 'f', '1984-10-19', '9', '2020-10-10 12:52:18', 'Kiehnport');
INSERT INTO `profiles` (`user_id`, `gender`, `birthday`, `photo_id`, `created_at`, `hometown`) VALUES ('10', 'f', '1981-07-31', '10', '2013-06-24 20:12:27', 'North Drewmouth');
INSERT INTO `profiles` (`user_id`, `gender`, `birthday`, `photo_id`, `created_at`, `hometown`) VALUES ('11', 'm', '2015-01-29', '11', '1992-08-28 12:53:16', 'Tianastad');
INSERT INTO `profiles` (`user_id`, `gender`, `birthday`, `photo_id`, `created_at`, `hometown`) VALUES ('12', 'f', '1994-06-18', '12', '1991-02-20 15:58:27', 'Omermouth');
INSERT INTO `profiles` (`user_id`, `gender`, `birthday`, `photo_id`, `created_at`, `hometown`) VALUES ('13', 'm', '1984-03-13', '13', '1971-02-14 12:10:50', 'Fatimamouth');
INSERT INTO `profiles` (`user_id`, `gender`, `birthday`, `photo_id`, `created_at`, `hometown`) VALUES ('14', 'm', '2011-11-29', '14', '2008-05-31 02:18:00', 'Donnyfort');
INSERT INTO `profiles` (`user_id`, `gender`, `birthday`, `photo_id`, `created_at`, `hometown`) VALUES ('15', 'm', '1989-11-22', '15', '2015-08-25 04:36:11', 'West Milesview');
INSERT INTO `profiles` (`user_id`, `gender`, `birthday`, `photo_id`, `created_at`, `hometown`) VALUES ('16', 'f', '1992-05-19', '16', '1975-11-17 17:38:20', 'Bechtelarborough');
INSERT INTO `profiles` (`user_id`, `gender`, `birthday`, `photo_id`, `created_at`, `hometown`) VALUES ('17', 'm', '2002-10-14', '17', '2003-03-31 17:16:20', 'North Litzy');
INSERT INTO `profiles` (`user_id`, `gender`, `birthday`, `photo_id`, `created_at`, `hometown`) VALUES ('18', 'f', '1977-01-14', '18', '2009-12-01 11:31:54', 'East Eveshire');
INSERT INTO `profiles` (`user_id`, `gender`, `birthday`, `photo_id`, `created_at`, `hometown`) VALUES ('19', 'm', '2002-08-23', '19', '1984-06-25 10:19:41', 'South Aaron');
INSERT INTO `profiles` (`user_id`, `gender`, `birthday`, `photo_id`, `created_at`, `hometown`) VALUES ('20', 'f', '2002-10-03', '20', '2003-05-04 01:31:49', 'New Alexandrafort');
INSERT INTO `profiles` (`user_id`, `gender`, `birthday`, `photo_id`, `created_at`, `hometown`) VALUES ('21', 'm', '2017-01-05', '21', '1973-10-01 11:45:20', 'South Zenaview');
INSERT INTO `profiles` (`user_id`, `gender`, `birthday`, `photo_id`, `created_at`, `hometown`) VALUES ('22', 'f', '1992-11-13', '22', '2002-12-06 10:41:52', 'Aliceshire');
INSERT INTO `profiles` (`user_id`, `gender`, `birthday`, `photo_id`, `created_at`, `hometown`) VALUES ('23', 'f', '1986-04-11', '23', '1981-01-12 02:07:08', 'Turcotteburgh');
INSERT INTO `profiles` (`user_id`, `gender`, `birthday`, `photo_id`, `created_at`, `hometown`) VALUES ('24', 'f', '2013-10-27', '24', '1984-11-24 02:45:29', 'North Kavon');
INSERT INTO `profiles` (`user_id`, `gender`, `birthday`, `photo_id`, `created_at`, `hometown`) VALUES ('25', 'f', '2015-09-22', '25', '1976-10-29 19:05:56', 'South Liamside');
INSERT INTO `profiles` (`user_id`, `gender`, `birthday`, `photo_id`, `created_at`, `hometown`) VALUES ('26', 'f', '1984-12-18', '26', '2020-10-13 10:21:38', 'West Isabelhaven');
INSERT INTO `profiles` (`user_id`, `gender`, `birthday`, `photo_id`, `created_at`, `hometown`) VALUES ('27', 'f', '2010-11-17', '27', '1991-01-02 03:06:58', 'Jakubowskiport');
INSERT INTO `profiles` (`user_id`, `gender`, `birthday`, `photo_id`, `created_at`, `hometown`) VALUES ('28', 'f', '1993-01-31', '28', '1975-08-03 13:30:26', 'Kasandraborough');
INSERT INTO `profiles` (`user_id`, `gender`, `birthday`, `photo_id`, `created_at`, `hometown`) VALUES ('29', 'm', '2016-02-20', '29', '2002-09-06 02:05:02', 'West Letitia');
INSERT INTO `profiles` (`user_id`, `gender`, `birthday`, `photo_id`, `created_at`, `hometown`) VALUES ('30', 'm', '2019-04-15', '30', '1970-06-21 13:24:47', 'East Kipville');
INSERT INTO `profiles` (`user_id`, `gender`, `birthday`, `photo_id`, `created_at`, `hometown`) VALUES ('31', 'f', '2015-03-28', '31', '2013-10-31 22:51:15', 'Port Roelburgh');
INSERT INTO `profiles` (`user_id`, `gender`, `birthday`, `photo_id`, `created_at`, `hometown`) VALUES ('32', 'f', '1995-09-07', '32', '1970-06-28 09:26:45', 'Mannfort');
INSERT INTO `profiles` (`user_id`, `gender`, `birthday`, `photo_id`, `created_at`, `hometown`) VALUES ('33', 'm', '1981-12-18', '33', '1974-09-05 07:13:30', 'Schulistburgh');
INSERT INTO `profiles` (`user_id`, `gender`, `birthday`, `photo_id`, `created_at`, `hometown`) VALUES ('34', 'f', '1984-10-09', '34', '1990-02-02 06:16:17', 'Port Jose');
INSERT INTO `profiles` (`user_id`, `gender`, `birthday`, `photo_id`, `created_at`, `hometown`) VALUES ('35', 'f', '2001-10-29', '35', '1970-10-19 21:34:13', 'New Adalberto');
INSERT INTO `profiles` (`user_id`, `gender`, `birthday`, `photo_id`, `created_at`, `hometown`) VALUES ('36', 'f', '2005-04-08', '36', '1992-09-13 01:39:06', 'Lake Ramiroberg');
INSERT INTO `profiles` (`user_id`, `gender`, `birthday`, `photo_id`, `created_at`, `hometown`) VALUES ('37', 'f', '1981-04-13', '37', '2003-12-29 00:56:34', 'Jazminview');
INSERT INTO `profiles` (`user_id`, `gender`, `birthday`, `photo_id`, `created_at`, `hometown`) VALUES ('38', 'f', '1980-11-08', '38', '1986-07-31 21:37:48', 'Lake Willie');
INSERT INTO `profiles` (`user_id`, `gender`, `birthday`, `photo_id`, `created_at`, `hometown`) VALUES ('39', 'm', '2020-07-18', '39', '1970-10-17 19:28:39', 'West Lorainetown');
INSERT INTO `profiles` (`user_id`, `gender`, `birthday`, `photo_id`, `created_at`, `hometown`) VALUES ('40', 'f', '2000-09-17', '40', '1978-08-25 09:19:50', 'Abernathybury');
INSERT INTO `profiles` (`user_id`, `gender`, `birthday`, `photo_id`, `created_at`, `hometown`) VALUES ('41', 'f', '1988-05-18', '41', '2007-05-02 18:41:35', 'Janieburgh');
INSERT INTO `profiles` (`user_id`, `gender`, `birthday`, `photo_id`, `created_at`, `hometown`) VALUES ('42', 'm', '2013-10-28', '42', '1983-07-04 18:27:35', 'Heaneymouth');
INSERT INTO `profiles` (`user_id`, `gender`, `birthday`, `photo_id`, `created_at`, `hometown`) VALUES ('43', 'm', '2010-03-06', '43', '2003-12-04 00:04:11', 'Tyreeview');
INSERT INTO `profiles` (`user_id`, `gender`, `birthday`, `photo_id`, `created_at`, `hometown`) VALUES ('44', 'f', '2002-04-20', '44', '1988-01-02 07:32:51', 'Bertramview');
INSERT INTO `profiles` (`user_id`, `gender`, `birthday`, `photo_id`, `created_at`, `hometown`) VALUES ('45', 'f', '2021-02-25', '45', '1998-11-20 01:11:11', 'East Serenity');
INSERT INTO `profiles` (`user_id`, `gender`, `birthday`, `photo_id`, `created_at`, `hometown`) VALUES ('46', 'f', '1976-06-22', '46', '1981-03-07 11:20:48', 'Abbottland');
INSERT INTO `profiles` (`user_id`, `gender`, `birthday`, `photo_id`, `created_at`, `hometown`) VALUES ('47', 'f', '1994-09-07', '47', '2003-06-02 19:40:05', 'Anjalichester');
INSERT INTO `profiles` (`user_id`, `gender`, `birthday`, `photo_id`, `created_at`, `hometown`) VALUES ('48', 'm', '1990-03-12', '48', '1970-06-13 16:42:31', 'Dibbertfurt');
INSERT INTO `profiles` (`user_id`, `gender`, `birthday`, `photo_id`, `created_at`, `hometown`) VALUES ('49', 'f', '2017-10-24', '49', '1998-11-29 03:59:16', 'Taliatown');
INSERT INTO `profiles` (`user_id`, `gender`, `birthday`, `photo_id`, `created_at`, `hometown`) VALUES ('50', 'm', '1986-08-01', '50', '2005-05-29 11:23:05', 'Kriston');
INSERT INTO `profiles` (`user_id`, `gender`, `birthday`, `photo_id`, `created_at`, `hometown`) VALUES ('51', 'f', '1984-08-09', '51', '2013-07-06 07:06:12', 'Charleschester');
INSERT INTO `profiles` (`user_id`, `gender`, `birthday`, `photo_id`, `created_at`, `hometown`) VALUES ('52', 'f', '2002-08-28', '52', '2001-07-17 03:52:12', 'Erickaton');
INSERT INTO `profiles` (`user_id`, `gender`, `birthday`, `photo_id`, `created_at`, `hometown`) VALUES ('53', 'f', '1971-09-02', '53', '1994-05-30 00:49:24', 'North Trevion');
INSERT INTO `profiles` (`user_id`, `gender`, `birthday`, `photo_id`, `created_at`, `hometown`) VALUES ('54', 'f', '2001-08-19', '54', '2014-09-02 04:06:21', 'Lake Dominic');
INSERT INTO `profiles` (`user_id`, `gender`, `birthday`, `photo_id`, `created_at`, `hometown`) VALUES ('55', 'm', '1988-09-27', '55', '1970-04-23 17:36:30', 'West Jaynebury');
INSERT INTO `profiles` (`user_id`, `gender`, `birthday`, `photo_id`, `created_at`, `hometown`) VALUES ('56', 'm', '1979-09-20', '56', '2022-04-29 03:42:58', 'Hortenseview');
INSERT INTO `profiles` (`user_id`, `gender`, `birthday`, `photo_id`, `created_at`, `hometown`) VALUES ('57', 'f', '2017-06-15', '57', '1980-01-16 13:26:47', 'Kuhlmanhaven');
INSERT INTO `profiles` (`user_id`, `gender`, `birthday`, `photo_id`, `created_at`, `hometown`) VALUES ('58', 'm', '1975-06-21', '58', '2019-11-20 23:21:45', 'Neldabury');
INSERT INTO `profiles` (`user_id`, `gender`, `birthday`, `photo_id`, `created_at`, `hometown`) VALUES ('59', 'f', '1984-06-09', '59', '2016-08-23 02:07:11', 'North Margaritashire');
INSERT INTO `profiles` (`user_id`, `gender`, `birthday`, `photo_id`, `created_at`, `hometown`) VALUES ('60', 'f', '2013-12-22', '60', '2021-10-01 19:42:13', 'New Wallaceborough');
INSERT INTO `profiles` (`user_id`, `gender`, `birthday`, `photo_id`, `created_at`, `hometown`) VALUES ('61', 'f', '1972-06-25', '61', '1973-11-11 21:20:29', 'New Assunta');
INSERT INTO `profiles` (`user_id`, `gender`, `birthday`, `photo_id`, `created_at`, `hometown`) VALUES ('62', 'f', '1986-01-24', '62', '1986-06-14 16:07:04', 'Walkerton');
INSERT INTO `profiles` (`user_id`, `gender`, `birthday`, `photo_id`, `created_at`, `hometown`) VALUES ('63', 'f', '1973-07-04', '63', '2006-08-31 20:41:15', 'New Ralph');
INSERT INTO `profiles` (`user_id`, `gender`, `birthday`, `photo_id`, `created_at`, `hometown`) VALUES ('64', 'm', '2008-11-14', '64', '2000-04-30 07:17:24', 'Meaghanberg');
INSERT INTO `profiles` (`user_id`, `gender`, `birthday`, `photo_id`, `created_at`, `hometown`) VALUES ('65', 'f', '1980-07-17', '65', '1972-11-07 12:24:59', 'West Loisburgh');
INSERT INTO `profiles` (`user_id`, `gender`, `birthday`, `photo_id`, `created_at`, `hometown`) VALUES ('66', 'f', '1976-05-30', '66', '1992-10-20 09:39:27', 'Geofurt');
INSERT INTO `profiles` (`user_id`, `gender`, `birthday`, `photo_id`, `created_at`, `hometown`) VALUES ('67', 'm', '1978-12-05', '67', '1989-06-22 01:17:59', 'Port Rosalee');
INSERT INTO `profiles` (`user_id`, `gender`, `birthday`, `photo_id`, `created_at`, `hometown`) VALUES ('68', 'f', '2007-07-10', '68', '1978-09-24 18:46:59', 'East Kristinaville');
INSERT INTO `profiles` (`user_id`, `gender`, `birthday`, `photo_id`, `created_at`, `hometown`) VALUES ('69', 'm', '2009-01-03', '69', '1998-08-14 03:29:51', 'North Jaycee');
INSERT INTO `profiles` (`user_id`, `gender`, `birthday`, `photo_id`, `created_at`, `hometown`) VALUES ('70', 'f', '1976-01-17', '70', '2014-09-25 11:11:58', 'West Hester');
INSERT INTO `profiles` (`user_id`, `gender`, `birthday`, `photo_id`, `created_at`, `hometown`) VALUES ('71', 'm', '2015-11-29', '71', '1994-06-28 02:14:14', 'Wardtown');
INSERT INTO `profiles` (`user_id`, `gender`, `birthday`, `photo_id`, `created_at`, `hometown`) VALUES ('72', 'm', '2021-09-14', '72', '2020-06-19 16:39:37', 'Leschbury');
INSERT INTO `profiles` (`user_id`, `gender`, `birthday`, `photo_id`, `created_at`, `hometown`) VALUES ('73', 'm', '2003-01-30', '73', '1985-12-29 07:15:31', 'East Breanamouth');
INSERT INTO `profiles` (`user_id`, `gender`, `birthday`, `photo_id`, `created_at`, `hometown`) VALUES ('74', 'f', '1971-02-24', '74', '1972-06-04 22:13:00', 'Belleshire');
INSERT INTO `profiles` (`user_id`, `gender`, `birthday`, `photo_id`, `created_at`, `hometown`) VALUES ('75', 'f', '1995-10-12', '75', '1971-02-05 20:27:29', 'Bricefurt');
INSERT INTO `profiles` (`user_id`, `gender`, `birthday`, `photo_id`, `created_at`, `hometown`) VALUES ('76', 'f', '1983-02-18', '76', '2022-04-25 10:44:29', 'South Francis');
INSERT INTO `profiles` (`user_id`, `gender`, `birthday`, `photo_id`, `created_at`, `hometown`) VALUES ('77', 'f', '1971-08-06', '77', '2002-05-06 16:13:46', 'Fredshire');
INSERT INTO `profiles` (`user_id`, `gender`, `birthday`, `photo_id`, `created_at`, `hometown`) VALUES ('78', 'm', '1999-11-24', '78', '1978-03-21 10:41:46', 'New Larry');
INSERT INTO `profiles` (`user_id`, `gender`, `birthday`, `photo_id`, `created_at`, `hometown`) VALUES ('79', 'm', '2008-06-14', '79', '2004-10-22 02:26:40', 'Lake Irvingberg');
INSERT INTO `profiles` (`user_id`, `gender`, `birthday`, `photo_id`, `created_at`, `hometown`) VALUES ('80', 'f', '1974-07-26', '80', '1976-05-10 08:37:16', 'Saraiberg');
INSERT INTO `profiles` (`user_id`, `gender`, `birthday`, `photo_id`, `created_at`, `hometown`) VALUES ('81', 'm', '2016-10-02', '81', '1999-12-01 03:51:48', 'Hicklefurt');
INSERT INTO `profiles` (`user_id`, `gender`, `birthday`, `photo_id`, `created_at`, `hometown`) VALUES ('82', 'f', '1985-10-28', '82', '2008-09-19 19:42:06', 'Ramonatown');
INSERT INTO `profiles` (`user_id`, `gender`, `birthday`, `photo_id`, `created_at`, `hometown`) VALUES ('83', 'm', '1982-10-20', '83', '2016-10-05 23:10:53', 'Crooksmouth');
INSERT INTO `profiles` (`user_id`, `gender`, `birthday`, `photo_id`, `created_at`, `hometown`) VALUES ('84', 'f', '2019-05-21', '84', '1974-12-26 19:29:43', 'Windlerhaven');
INSERT INTO `profiles` (`user_id`, `gender`, `birthday`, `photo_id`, `created_at`, `hometown`) VALUES ('85', 'm', '2000-08-27', '85', '1975-04-29 16:05:00', 'Lake Vancefurt');
INSERT INTO `profiles` (`user_id`, `gender`, `birthday`, `photo_id`, `created_at`, `hometown`) VALUES ('86', 'f', '1999-12-19', '86', '1998-07-19 00:00:47', 'East Jarvishaven');
INSERT INTO `profiles` (`user_id`, `gender`, `birthday`, `photo_id`, `created_at`, `hometown`) VALUES ('87', 'm', '1996-03-27', '87', '1981-02-08 04:59:16', 'Torphystad');
INSERT INTO `profiles` (`user_id`, `gender`, `birthday`, `photo_id`, `created_at`, `hometown`) VALUES ('88', 'f', '2020-07-29', '88', '1977-01-05 00:02:09', 'East Marilyne');
INSERT INTO `profiles` (`user_id`, `gender`, `birthday`, `photo_id`, `created_at`, `hometown`) VALUES ('89', 'm', '1982-01-13', '89', '1996-08-15 23:25:44', 'North Fabianview');
INSERT INTO `profiles` (`user_id`, `gender`, `birthday`, `photo_id`, `created_at`, `hometown`) VALUES ('90', 'f', '2000-06-14', '90', '2001-06-24 02:48:42', 'Lake Greta');
INSERT INTO `profiles` (`user_id`, `gender`, `birthday`, `photo_id`, `created_at`, `hometown`) VALUES ('91', 'm', '2001-03-09', '91', '2019-07-23 05:51:57', 'Sidville');
INSERT INTO `profiles` (`user_id`, `gender`, `birthday`, `photo_id`, `created_at`, `hometown`) VALUES ('92', 'f', '1992-09-03', '92', '1984-06-16 19:32:30', 'Rooseveltview');
INSERT INTO `profiles` (`user_id`, `gender`, `birthday`, `photo_id`, `created_at`, `hometown`) VALUES ('93', 'f', '1980-01-11', '93', '2011-06-11 03:51:33', 'Toymouth');
INSERT INTO `profiles` (`user_id`, `gender`, `birthday`, `photo_id`, `created_at`, `hometown`) VALUES ('94', 'f', '2014-08-18', '94', '2020-09-19 22:35:43', 'West Vanessa');
INSERT INTO `profiles` (`user_id`, `gender`, `birthday`, `photo_id`, `created_at`, `hometown`) VALUES ('95', 'm', '1981-12-24', '95', '2000-04-04 03:53:24', 'Hermanport');
INSERT INTO `profiles` (`user_id`, `gender`, `birthday`, `photo_id`, `created_at`, `hometown`) VALUES ('96', 'f', '2003-04-20', '96', '1993-08-09 19:02:05', 'Bednarland');
INSERT INTO `profiles` (`user_id`, `gender`, `birthday`, `photo_id`, `created_at`, `hometown`) VALUES ('97', 'm', '1994-10-11', '97', '1973-03-11 12:22:11', 'Schneiderfurt');
INSERT INTO `profiles` (`user_id`, `gender`, `birthday`, `photo_id`, `created_at`, `hometown`) VALUES ('98', 'm', '1993-01-30', '98', '1986-06-28 19:04:08', 'New Destini');
INSERT INTO `profiles` (`user_id`, `gender`, `birthday`, `photo_id`, `created_at`, `hometown`) VALUES ('99', 'f', '1974-05-29', '99', '1981-04-05 16:56:52', 'Morrisport');
INSERT INTO `profiles` (`user_id`, `gender`, `birthday`, `photo_id`, `created_at`, `hometown`) VALUES ('100', 'f', '2014-10-21', '100', '1970-10-27 17:08:46', 'Judgeton');


#
# TABLE STRUCTURE FOR: users
#

DROP TABLE IF EXISTS `users`;

CREATE TABLE `users` (
  `id` bigint(20) unsigned NOT NULL AUTO_INCREMENT,
  `firstname` varchar(100) COLLATE utf8mb4_unicode_ci DEFAULT NULL,
  `lastname` varchar(100) COLLATE utf8mb4_unicode_ci DEFAULT NULL COMMENT '',
  `email` varchar(100) COLLATE utf8mb4_unicode_ci DEFAULT NULL,
  `password_hash` varchar(100) COLLATE utf8mb4_unicode_ci DEFAULT NULL,
  `phone` bigint(20) DEFAULT NULL,
  `is_deleted` bit(1) DEFAULT b'0',
  PRIMARY KEY (`id`),
  UNIQUE KEY `email` (`email`),
  KEY `users_firstname_lastname_idx` (`firstname`,`lastname`)
) ENGINE=InnoDB AUTO_INCREMENT=101 DEFAULT CHARSET=utf8mb4 COLLATE=utf8mb4_unicode_ci;

INSERT INTO `users` (`id`, `firstname`, `lastname`, `email`, `password_hash`, `phone`, `is_deleted`) VALUES ('1', 'Eleazar', 'Thompson', 'alysa92@example.org', '27a3387f8037ac28fba039c4ad6b2a077b2f098b', '89163137197', '0');
INSERT INTO `users` (`id`, `firstname`, `lastname`, `email`, `password_hash`, `phone`, `is_deleted`) VALUES ('2', 'Carlotta', 'Kozey', 'emerson86@example.com', 'cafe007039a1b403d3109806f4d7774e21883cfa', '89828021910', '0');
INSERT INTO `users` (`id`, `firstname`, `lastname`, `email`, `password_hash`, `phone`, `is_deleted`) VALUES ('3', 'Guy', 'Sawayn', 'ybraun@example.net', '288e3c9cebaae15f8aad3d7ac4a60e55a196c0c5', '89278712765', '0');
INSERT INTO `users` (`id`, `firstname`, `lastname`, `email`, `password_hash`, `phone`, `is_deleted`) VALUES ('4', 'Leon', 'Hagenes', 'shanahan.magdalen@example.net', 'b0b08144f6d56f7c4e126ce00ffd1fbf2de4ac1a', '89469424259', '0');
INSERT INTO `users` (`id`, `firstname`, `lastname`, `email`, `password_hash`, `phone`, `is_deleted`) VALUES ('5', 'Bernie', 'Champlin', 'hklein@example.com', 'd44cffe5f13015deacaff399289be21d26b4a54f', '89065700779', '0');
INSERT INTO `users` (`id`, `firstname`, `lastname`, `email`, `password_hash`, `phone`, `is_deleted`) VALUES ('6', 'Sydnie', 'Labadie', 'hgoyette@example.com', '52d9d038af5fbdfb33bc0bc96f49838d6144dd72', '89127922853', '0');
INSERT INTO `users` (`id`, `firstname`, `lastname`, `email`, `password_hash`, `phone`, `is_deleted`) VALUES ('7', 'Ressie', 'Reichel', 'terence.mcdermott@example.net', 'a3679fcde0740f947c09bc5bbc6b6ad6a815be68', '89149909387', '1');
INSERT INTO `users` (`id`, `firstname`, `lastname`, `email`, `password_hash`, `phone`, `is_deleted`) VALUES ('8', 'Darryl', 'Boehm', 'wlehner@example.org', '146a68a4710e6fe3fa4304d8ece065b6e0783587', '89943739107', '0');
INSERT INTO `users` (`id`, `firstname`, `lastname`, `email`, `password_hash`, `phone`, `is_deleted`) VALUES ('9', 'Russel', 'Cole', 'idell.prosacco@example.com', '492cc6bdcb4efe1d0f5b585d95f9f50f23d06c43', '89583093900', '0');
INSERT INTO `users` (`id`, `firstname`, `lastname`, `email`, `password_hash`, `phone`, `is_deleted`) VALUES ('10', 'Antonietta', 'Lynch', 'maci.kerluke@example.com', '2ef6538b99b81352721ca9b65f7aca9b3cd604b4', '89631691435', '0');
INSERT INTO `users` (`id`, `firstname`, `lastname`, `email`, `password_hash`, `phone`, `is_deleted`) VALUES ('11', 'Valentina', 'Ward', 'vbins@example.com', '8373e79538069d37c8379cbd6d8bfe9de62f847c', '89682862228', '0');
INSERT INTO `users` (`id`, `firstname`, `lastname`, `email`, `password_hash`, `phone`, `is_deleted`) VALUES ('12', 'Lisette', 'Rosenbaum', 'hermann.alexandrea@example.org', '3085bee254b461f1860a32c475e461e848ba3647', '89725527661', '0');
INSERT INTO `users` (`id`, `firstname`, `lastname`, `email`, `password_hash`, `phone`, `is_deleted`) VALUES ('13', 'Elian', 'Cummerata', 'melyna46@example.net', 'ba5f0c541cbd3a7b8fc96ddf0d4827b84c57e3b6', '89187822925', '1');
INSERT INTO `users` (`id`, `firstname`, `lastname`, `email`, `password_hash`, `phone`, `is_deleted`) VALUES ('14', 'Rosina', 'Barton', 'kub.jarrod@example.org', '3a381836a5d56e5c51725429d30ccac4a907e901', '89889971518', '1');
INSERT INTO `users` (`id`, `firstname`, `lastname`, `email`, `password_hash`, `phone`, `is_deleted`) VALUES ('15', 'Bridgette', 'Weissnat', 'joanie68@example.net', '1a4200d397176ed2a5c2981ffacec7c24e673657', '89379739978', '1');
INSERT INTO `users` (`id`, `firstname`, `lastname`, `email`, `password_hash`, `phone`, `is_deleted`) VALUES ('16', 'Keshawn', 'Rohan', 'beier.shad@example.com', '0fe558217454358b1833a84d00e65df159ef04e6', '89841348974', '1');
INSERT INTO `users` (`id`, `firstname`, `lastname`, `email`, `password_hash`, `phone`, `is_deleted`) VALUES ('17', 'Jamison', 'Raynor', 'prohaska.dimitri@example.org', '10bd26beedd539a161952947795e6bce5b1bf24d', '89806738846', '0');
INSERT INTO `users` (`id`, `firstname`, `lastname`, `email`, `password_hash`, `phone`, `is_deleted`) VALUES ('18', 'Chesley', 'Cremin', 'willard20@example.net', '904eec8c84f66c57768f60dc23058f3c2f1a7e03', '89348941577', '0');
INSERT INTO `users` (`id`, `firstname`, `lastname`, `email`, `password_hash`, `phone`, `is_deleted`) VALUES ('19', 'Jalen', 'Little', 'little.retha@example.net', '3c4b49f43a2c13f511a67cff8c6f715db281d5bc', '89887737239', '1');
INSERT INTO `users` (`id`, `firstname`, `lastname`, `email`, `password_hash`, `phone`, `is_deleted`) VALUES ('20', 'Tyra', 'Will', 'renner.demario@example.com', '2e258e4bc1902f3cc1a12590bfa0275c37fccb98', '89963995335', '1');
INSERT INTO `users` (`id`, `firstname`, `lastname`, `email`, `password_hash`, `phone`, `is_deleted`) VALUES ('21', 'Hayden', 'Daniel', 'josianne.harber@example.com', '0ba12e853671cf2e09f112017cf4d34a149199d0', '89541058691', '1');
INSERT INTO `users` (`id`, `firstname`, `lastname`, `email`, `password_hash`, `phone`, `is_deleted`) VALUES ('22', 'Jody', 'Effertz', 'tania.lindgren@example.org', 'ce05f6c7e14d42a9dcad44d0319631bdc89b6104', '89686239578', '0');
INSERT INTO `users` (`id`, `firstname`, `lastname`, `email`, `password_hash`, `phone`, `is_deleted`) VALUES ('23', 'Antwan', 'Boyer', 'brisa.nitzsche@example.org', '23b189d0eb4fd6a113b0eecb84f23c3b89a5778a', '89816469185', '1');
INSERT INTO `users` (`id`, `firstname`, `lastname`, `email`, `password_hash`, `phone`, `is_deleted`) VALUES ('24', 'Ken', 'Turcotte', 'ryan.lennie@example.com', '5bedde55a15504532a94e469440bb708fe6fd480', '89475911848', '0');
INSERT INTO `users` (`id`, `firstname`, `lastname`, `email`, `password_hash`, `phone`, `is_deleted`) VALUES ('25', 'Andreane', 'Kunze', 'norbert29@example.net', '057c1c6cad65a8d40bd79dbe44cf632f22c8049e', '89673925230', '0');
INSERT INTO `users` (`id`, `firstname`, `lastname`, `email`, `password_hash`, `phone`, `is_deleted`) VALUES ('26', 'Ryann', 'Friesen', 'torphy.darren@example.com', 'e3d25e3991c6e1251ae4bffde45f7fc94140c66c', '89873697223', '1');
INSERT INTO `users` (`id`, `firstname`, `lastname`, `email`, `password_hash`, `phone`, `is_deleted`) VALUES ('27', 'Brenda', 'Kunze', 'hyatt.jammie@example.org', '113f5d689dbc337febcc958f014c5ac4fa446d62', '89409784238', '0');
INSERT INTO `users` (`id`, `firstname`, `lastname`, `email`, `password_hash`, `phone`, `is_deleted`) VALUES ('28', 'Howell', 'Kassulke', 'willard.larkin@example.org', '2cfdabe60c2955589b46e51ae83abbb333e1b967', '89551903092', '0');
INSERT INTO `users` (`id`, `firstname`, `lastname`, `email`, `password_hash`, `phone`, `is_deleted`) VALUES ('29', 'Eloy', 'McKenzie', 'ssatterfield@example.com', '9ac8c5126c326e449f9540129f465b47051b3c22', '89884463915', '0');
INSERT INTO `users` (`id`, `firstname`, `lastname`, `email`, `password_hash`, `phone`, `is_deleted`) VALUES ('30', 'Macie', 'Bogisich', 'adah19@example.com', '6d86ce60f79aaacc3ad9498d44ce10bd5193832c', '89518510014', '0');
INSERT INTO `users` (`id`, `firstname`, `lastname`, `email`, `password_hash`, `phone`, `is_deleted`) VALUES ('31', 'Emelia', 'Kassulke', 'pacocha.felix@example.com', 'adb2017c8a03e67db53306df2b8b6f9304890b28', '89310274698', '1');
INSERT INTO `users` (`id`, `firstname`, `lastname`, `email`, `password_hash`, `phone`, `is_deleted`) VALUES ('32', 'Ubaldo', 'Runolfsdottir', 'ashlynn.monahan@example.org', '045963be1ad3fed72162a0d81acd74eca9716e6e', '89058816033', '0');
INSERT INTO `users` (`id`, `firstname`, `lastname`, `email`, `password_hash`, `phone`, `is_deleted`) VALUES ('33', 'Kim', 'Littel', 'wilderman.emelia@example.com', 'fb2e3cd12094888f2e000d6256f983e866ae3107', '89066927881', '1');
INSERT INTO `users` (`id`, `firstname`, `lastname`, `email`, `password_hash`, `phone`, `is_deleted`) VALUES ('34', 'Dale', 'Boehm', 'julien21@example.net', 'c82a1fad28af1d98ff9f4feeb38245d12133b81e', '89469655521', '1');
INSERT INTO `users` (`id`, `firstname`, `lastname`, `email`, `password_hash`, `phone`, `is_deleted`) VALUES ('35', 'Eileen', 'Nikolaus', 'xkiehn@example.net', '50f8925066d62324d5894a7e055f646ab8a0d05d', '89769202375', '0');
INSERT INTO `users` (`id`, `firstname`, `lastname`, `email`, `password_hash`, `phone`, `is_deleted`) VALUES ('36', 'Lonny', 'Upton', 'bogan.riley@example.com', 'ae4c61933fe852640a8c4d87a4c3209070a1064b', '89559415351', '0');
INSERT INTO `users` (`id`, `firstname`, `lastname`, `email`, `password_hash`, `phone`, `is_deleted`) VALUES ('37', 'Tyree', 'Donnelly', 'tadams@example.com', 'ec6cb864abcd851044b840e4f8366d0e63529303', '89364037918', '0');
INSERT INTO `users` (`id`, `firstname`, `lastname`, `email`, `password_hash`, `phone`, `is_deleted`) VALUES ('38', 'Erica', 'Moore', 'beer.kavon@example.org', 'c9eb38125992776a02ad028e79dde1648b94a8c5', '89126421373', '1');
INSERT INTO `users` (`id`, `firstname`, `lastname`, `email`, `password_hash`, `phone`, `is_deleted`) VALUES ('39', 'Christ', 'Koch', 'berenice42@example.net', 'ab157d3b90a8ed9272081754b30d4eba61f44cdd', '89545324975', '1');
INSERT INTO `users` (`id`, `firstname`, `lastname`, `email`, `password_hash`, `phone`, `is_deleted`) VALUES ('40', 'Emmanuel', 'Daniel', 'daniel.madalyn@example.com', '40386a78093902d1b9a7a409d6edb790de2fe651', '89172599857', '1');
INSERT INTO `users` (`id`, `firstname`, `lastname`, `email`, `password_hash`, `phone`, `is_deleted`) VALUES ('41', 'Roma', 'Runte', 'robbie79@example.org', 'ead8ee9229cf9a7788199025a31fb983394cad43', '89266349409', '1');
INSERT INTO `users` (`id`, `firstname`, `lastname`, `email`, `password_hash`, `phone`, `is_deleted`) VALUES ('42', 'Loren', 'Schaefer', 'klocko.orval@example.com', '3fa90acf312dd9896c287a86271dae68137f15ea', '89467655084', '1');
INSERT INTO `users` (`id`, `firstname`, `lastname`, `email`, `password_hash`, `phone`, `is_deleted`) VALUES ('43', 'Korbin', 'Bartoletti', 'stamm.dangelo@example.net', '134a645723abba93e56fa40016014fc9c1bd686d', '89532827263', '0');
INSERT INTO `users` (`id`, `firstname`, `lastname`, `email`, `password_hash`, `phone`, `is_deleted`) VALUES ('44', 'Luigi', 'Carroll', 'kgislason@example.com', '0850a0ddb6b1e4369bb0dc569f2bb12463c5410a', '89960577826', '0');
INSERT INTO `users` (`id`, `firstname`, `lastname`, `email`, `password_hash`, `phone`, `is_deleted`) VALUES ('45', 'Remington', 'Schumm', 'usteuber@example.com', '181b3ba558452711ae1f9fe5008db7a090f34f01', '89695977924', '0');
INSERT INTO `users` (`id`, `firstname`, `lastname`, `email`, `password_hash`, `phone`, `is_deleted`) VALUES ('46', 'Federico', 'Simonis', 'karolann.stehr@example.org', '9a3ef112723c7b4b3a9553d9359a3612ab377540', '89327535732', '0');
INSERT INTO `users` (`id`, `firstname`, `lastname`, `email`, `password_hash`, `phone`, `is_deleted`) VALUES ('47', 'Maximo', 'Schuppe', 'chasity43@example.net', '55fcf69533966971030ecf9eab32448dace4da37', '89529352247', '1');
INSERT INTO `users` (`id`, `firstname`, `lastname`, `email`, `password_hash`, `phone`, `is_deleted`) VALUES ('48', 'Elise', 'Denesik', 'jackson74@example.org', '5eb2e08df10a3656f0f6e5a9bc0f240df8e51fd7', '89170570080', '1');
INSERT INTO `users` (`id`, `firstname`, `lastname`, `email`, `password_hash`, `phone`, `is_deleted`) VALUES ('49', 'Chaya', 'Hickle', 'lkuphal@example.org', 'b85e767a74e56e00f72593a8533b9b37673d3695', '89123916464', '0');
INSERT INTO `users` (`id`, `firstname`, `lastname`, `email`, `password_hash`, `phone`, `is_deleted`) VALUES ('50', 'Emmanuel', 'Blanda', 'waylon52@example.net', '16633e493258211e6e70c468e0576c277fe155be', '89700700200', '1');
INSERT INTO `users` (`id`, `firstname`, `lastname`, `email`, `password_hash`, `phone`, `is_deleted`) VALUES ('51', 'Terrill', 'Larkin', 'electa.klein@example.net', 'dce0860ea4871a8eb615314973095d5ef641fc54', '89094981898', '1');
INSERT INTO `users` (`id`, `firstname`, `lastname`, `email`, `password_hash`, `phone`, `is_deleted`) VALUES ('52', 'Ryleigh', 'Cole', 'fidel77@example.com', '6758769fabb5cb2d8ae9a6eb2114f307e841d7a3', '89084223414', '0');
INSERT INTO `users` (`id`, `firstname`, `lastname`, `email`, `password_hash`, `phone`, `is_deleted`) VALUES ('53', 'Earnestine', 'Heller', 'lkassulke@example.com', '9a69d30486d0f921be15066fa43aa42f233ea270', '89892008862', '1');
INSERT INTO `users` (`id`, `firstname`, `lastname`, `email`, `password_hash`, `phone`, `is_deleted`) VALUES ('54', 'Luis', 'Langworth', 'aniya.aufderhar@example.net', '487564f5ed5d3cadba45357599a032cebf51e31e', '89229964766', '1');
INSERT INTO `users` (`id`, `firstname`, `lastname`, `email`, `password_hash`, `phone`, `is_deleted`) VALUES ('55', 'Alfreda', 'Kerluke', 'al.swaniawski@example.net', '2906254a5ea0a9ccdd11444137a7cd026ece1be3', '89700282513', '0');
INSERT INTO `users` (`id`, `firstname`, `lastname`, `email`, `password_hash`, `phone`, `is_deleted`) VALUES ('56', 'Autumn', 'Altenwerth', 'lyla00@example.com', '994f6456128f8cbf27d465c802a48b3ae6b40763', '89975669981', '1');
INSERT INTO `users` (`id`, `firstname`, `lastname`, `email`, `password_hash`, `phone`, `is_deleted`) VALUES ('57', 'Toni', 'Bernier', 'alberta.paucek@example.net', '22e488a9f8fbd45d6380c3d3a1d454200ec3699a', '89576352813', '0');
INSERT INTO `users` (`id`, `firstname`, `lastname`, `email`, `password_hash`, `phone`, `is_deleted`) VALUES ('58', 'Janelle', 'O\'Keefe', 'shammes@example.org', '34de67bc0a452461900c755648176fd16a0e1d07', '89983061528', '1');
INSERT INTO `users` (`id`, `firstname`, `lastname`, `email`, `password_hash`, `phone`, `is_deleted`) VALUES ('59', 'Shana', 'Paucek', 'eldora78@example.net', '4dd22c324f3d8cb674938cb3208ad3f484389c9c', '89999384662', '1');
INSERT INTO `users` (`id`, `firstname`, `lastname`, `email`, `password_hash`, `phone`, `is_deleted`) VALUES ('60', 'Nat', 'Swift', 'macie.bosco@example.com', '65b91ac57f76c0c34609282905716ee1b92e868a', '89179706139', '0');
INSERT INTO `users` (`id`, `firstname`, `lastname`, `email`, `password_hash`, `phone`, `is_deleted`) VALUES ('61', 'Watson', 'Simonis', 'lester55@example.org', '467776ac27bbb0f13c305f9b227c54c3b7dd4b6a', '89233197107', '0');
INSERT INTO `users` (`id`, `firstname`, `lastname`, `email`, `password_hash`, `phone`, `is_deleted`) VALUES ('62', 'Devin', 'Schmidt', 'ngutmann@example.org', 'f45703ff7ef1247c6ccc066092bf3a2f21c8b16e', '89154408551', '0');
INSERT INTO `users` (`id`, `firstname`, `lastname`, `email`, `password_hash`, `phone`, `is_deleted`) VALUES ('63', 'Boris', 'Halvorson', 'brycen.smitham@example.net', '7e896c4710b9e6304cfc070e76774bc3fefa986e', '89213961979', '0');
INSERT INTO `users` (`id`, `firstname`, `lastname`, `email`, `password_hash`, `phone`, `is_deleted`) VALUES ('64', 'Arlo', 'Herman', 'iwolf@example.org', 'baba232ccfd4a713e8455bf950b70dd3b2be8b54', '89719450828', '1');
INSERT INTO `users` (`id`, `firstname`, `lastname`, `email`, `password_hash`, `phone`, `is_deleted`) VALUES ('65', 'Kristopher', 'Will', 'mann.serena@example.net', '6d5fe2e61df21cde765dc35b5ac0ff70fed7615d', '89736210762', '0');
INSERT INTO `users` (`id`, `firstname`, `lastname`, `email`, `password_hash`, `phone`, `is_deleted`) VALUES ('66', 'Lacy', 'Hills', 'kathleen47@example.org', '20844b5dbccd292ed80f6104f5208c4450576e8f', '89527246804', '0');
INSERT INTO `users` (`id`, `firstname`, `lastname`, `email`, `password_hash`, `phone`, `is_deleted`) VALUES ('67', 'Erik', 'Gutmann', 'freeman.rice@example.net', 'afb32d5691852887cf1594b66a35879504647380', '89333326282', '0');
INSERT INTO `users` (`id`, `firstname`, `lastname`, `email`, `password_hash`, `phone`, `is_deleted`) VALUES ('68', 'Carley', 'Berge', 'walker.estrella@example.net', '551e9c741961e3ba3880c4e2f21c9c3e1b3e75d9', '89353299373', '0');
INSERT INTO `users` (`id`, `firstname`, `lastname`, `email`, `password_hash`, `phone`, `is_deleted`) VALUES ('69', 'Deron', 'Okuneva', 'adan.blanda@example.com', 'e9190427af6f479ea1a920ae802a36651008925f', '89563681667', '0');
INSERT INTO `users` (`id`, `firstname`, `lastname`, `email`, `password_hash`, `phone`, `is_deleted`) VALUES ('70', 'Edwardo', 'Nicolas', 'camilla24@example.com', '04283c07bb9bbf0b99b14fdc52a4d9d29f7206dd', '89136666753', '1');
INSERT INTO `users` (`id`, `firstname`, `lastname`, `email`, `password_hash`, `phone`, `is_deleted`) VALUES ('71', 'Danika', 'Hodkiewicz', 'rafaela93@example.com', 'bcf381079a5a323dc8643b39a4c5bdfc2a9dc3e0', '89973527822', '1');
INSERT INTO `users` (`id`, `firstname`, `lastname`, `email`, `password_hash`, `phone`, `is_deleted`) VALUES ('72', 'Alta', 'Ledner', 'grimes.lincoln@example.net', '61ba6c591b5428b7263534b11e208df848726c23', '89342641579', '1');
INSERT INTO `users` (`id`, `firstname`, `lastname`, `email`, `password_hash`, `phone`, `is_deleted`) VALUES ('73', 'Brigitte', 'Smith', 'rowland.hamill@example.org', '9e93621f4654dea3dedffefd2f9862912f0a8dbb', '89491288868', '0');
INSERT INTO `users` (`id`, `firstname`, `lastname`, `email`, `password_hash`, `phone`, `is_deleted`) VALUES ('74', 'Max', 'Parker', 'elisa.macejkovic@example.net', '8d12c8d46a8c02e292d9cc3e4b7d956f3411b907', '89621134776', '1');
INSERT INTO `users` (`id`, `firstname`, `lastname`, `email`, `password_hash`, `phone`, `is_deleted`) VALUES ('75', 'Myrtice', 'Carter', 'zchamplin@example.com', '602dd54c6164e991704da82921f57002790dbd20', '89790111247', '0');
INSERT INTO `users` (`id`, `firstname`, `lastname`, `email`, `password_hash`, `phone`, `is_deleted`) VALUES ('76', 'Bernie', 'Schneider', 'gfeest@example.net', '80a5cdf7364f3c0795f5fff3eea7ed2a133f6daf', '89440971864', '0');
INSERT INTO `users` (`id`, `firstname`, `lastname`, `email`, `password_hash`, `phone`, `is_deleted`) VALUES ('77', 'Carolanne', 'Kohler', 'retha.upton@example.com', 'fd96c4f1a0de6b7435439b8f6fb8b2b477dd1d98', '89018309208', '1');
INSERT INTO `users` (`id`, `firstname`, `lastname`, `email`, `password_hash`, `phone`, `is_deleted`) VALUES ('78', 'Abbey', 'Medhurst', 'pcruickshank@example.org', '53c075d10a8b1dd6fa195f961d780fb84f92feca', '89072023056', '1');
INSERT INTO `users` (`id`, `firstname`, `lastname`, `email`, `password_hash`, `phone`, `is_deleted`) VALUES ('79', 'Kyle', 'Rodriguez', 'bo\'keefe@example.net', '4a6e9faa3b4c67a13ac2fdc6682f23543f40eb1e', '89934356818', '0');
INSERT INTO `users` (`id`, `firstname`, `lastname`, `email`, `password_hash`, `phone`, `is_deleted`) VALUES ('80', 'Olin', 'Marks', 'jerel77@example.net', '5e264f771b1f56907d5e5e2c83c1924ca010a6eb', '89411304840', '1');
INSERT INTO `users` (`id`, `firstname`, `lastname`, `email`, `password_hash`, `phone`, `is_deleted`) VALUES ('81', 'Maryam', 'Marquardt', 'ansel73@example.net', '702c3065af426b1e95ffa1ee9db8af0c57f1f595', '89094988749', '0');
INSERT INTO `users` (`id`, `firstname`, `lastname`, `email`, `password_hash`, `phone`, `is_deleted`) VALUES ('82', 'Cydney', 'Lakin', 'reyes33@example.net', '798d1623e81ce66e9cbdb7b2749485e84b186b9d', '89924685700', '1');
INSERT INTO `users` (`id`, `firstname`, `lastname`, `email`, `password_hash`, `phone`, `is_deleted`) VALUES ('83', 'Emilie', 'Olson', 'charlene30@example.net', '5de59b4a2367eaec90d1679dcf71739612098074', '89329959709', '1');
INSERT INTO `users` (`id`, `firstname`, `lastname`, `email`, `password_hash`, `phone`, `is_deleted`) VALUES ('84', 'Howell', 'Schmidt', 'okulas@example.com', '0e62483b34925d032d5c341c5b7595dde13cdaa4', '89533166318', '1');
INSERT INTO `users` (`id`, `firstname`, `lastname`, `email`, `password_hash`, `phone`, `is_deleted`) VALUES ('85', 'Nellie', 'Towne', 'nmuller@example.net', '41443b0822381880064cb34ae41c078c0555e028', '89220694933', '0');
INSERT INTO `users` (`id`, `firstname`, `lastname`, `email`, `password_hash`, `phone`, `is_deleted`) VALUES ('86', 'Rebeka', 'Botsford', 'ihowe@example.com', '643bbcc74b11c664ad929243f610cbd523d3ec8d', '89746865576', '0');
INSERT INTO `users` (`id`, `firstname`, `lastname`, `email`, `password_hash`, `phone`, `is_deleted`) VALUES ('87', 'Savannah', 'Shields', 'bahringer.itzel@example.org', 'b78922f8120107e204d27f5f1bacaf6b0235ee31', '89940949036', '0');
INSERT INTO `users` (`id`, `firstname`, `lastname`, `email`, `password_hash`, `phone`, `is_deleted`) VALUES ('88', 'Kellie', 'Pagac', 'toni.berge@example.com', '0765ea14aabe5169713b7e225e74c41fb4eefd64', '89377277479', '0');
INSERT INTO `users` (`id`, `firstname`, `lastname`, `email`, `password_hash`, `phone`, `is_deleted`) VALUES ('89', 'Wallace', 'Hane', 'rohan.manley@example.org', 'bbb90c87188eb5c91b1abeb8ff40fa14682623b2', '89029594676', '1');
INSERT INTO `users` (`id`, `firstname`, `lastname`, `email`, `password_hash`, `phone`, `is_deleted`) VALUES ('90', 'Rhea', 'Cassin', 'tschumm@example.org', '73f0c5b3e8a945fe23a02d9299cbce049e6b0181', '89615835643', '0');
INSERT INTO `users` (`id`, `firstname`, `lastname`, `email`, `password_hash`, `phone`, `is_deleted`) VALUES ('91', 'Rhiannon', 'Swift', 'pagac.preston@example.net', 'c259cd23f7309752739c929b2f6c1f6a230843ce', '89355352440', '0');
INSERT INTO `users` (`id`, `firstname`, `lastname`, `email`, `password_hash`, `phone`, `is_deleted`) VALUES ('92', 'Shaniya', 'Ruecker', 'deja.thompson@example.org', '3d7dee86ce4749b4bcce80fd0a1f1cfe60f01fe3', '89852118551', '1');
INSERT INTO `users` (`id`, `firstname`, `lastname`, `email`, `password_hash`, `phone`, `is_deleted`) VALUES ('93', 'Tara', 'Bailey', 'theodora60@example.net', '46edc8d95cb76d09a83037e7026fde8d9d6fc704', '89484395183', '1');
INSERT INTO `users` (`id`, `firstname`, `lastname`, `email`, `password_hash`, `phone`, `is_deleted`) VALUES ('94', 'Brionna', 'Rempel', 'brooks.veum@example.net', 'de303e266eb71988aa5591489681d3cbea07d91b', '89660431999', '0');
INSERT INTO `users` (`id`, `firstname`, `lastname`, `email`, `password_hash`, `phone`, `is_deleted`) VALUES ('95', 'Andres', 'Spinka', 'margarete18@example.org', 'a0b0866df0eea7238cfd54ee219d21813b911b6f', '89432165505', '1');
INSERT INTO `users` (`id`, `firstname`, `lastname`, `email`, `password_hash`, `phone`, `is_deleted`) VALUES ('96', 'Torrance', 'Borer', 'russell11@example.net', 'b71fb34e77291f24cd9dd19d9ee1fcbf85ab0d60', '89029978030', '1');
INSERT INTO `users` (`id`, `firstname`, `lastname`, `email`, `password_hash`, `phone`, `is_deleted`) VALUES ('97', 'Raina', 'Treutel', 'bernhard.adan@example.org', 'bd99d5c8dfdf23224508bfd61ca7281b88d48bb0', '89602378997', '1');
INSERT INTO `users` (`id`, `firstname`, `lastname`, `email`, `password_hash`, `phone`, `is_deleted`) VALUES ('98', 'Jasen', 'Ferry', 'collier.garrison@example.org', '19d9a1ca727924d6d1ece59c01181c04a9610742', '89137828372', '0');
INSERT INTO `users` (`id`, `firstname`, `lastname`, `email`, `password_hash`, `phone`, `is_deleted`) VALUES ('99', 'Leopold', 'Schinner', 'abbey65@example.org', 'b2ad2048920e206103a68a7bde00accacc524da5', '89647171687', '1');
INSERT INTO `users` (`id`, `firstname`, `lastname`, `email`, `password_hash`, `phone`, `is_deleted`) VALUES ('100', 'Laverne', 'Abbott', 'nglover@example.org', '71a60ff6b3ce59310c89f5415194d23d3ecc779e', '89433774304', '0');


